GeneID,Base mean,log2(FC),StdErr,Wald-Stats,P-value,P-adj
gene-J2S48_RS20875,4315.816814,-5.248381312,0.27924013,-18.79522589,8.26E-79,2.89E-75
gene-J2S48_RS20100,16788.12023,-7.608681077,0.42996444,-17.6960706,4.50E-70,7.87E-67
gene-J2S48_RS06520,1608.58287,-4.945585363,0.303293923,-16.30624615,8.91E-60,1.04E-56
rna-J2S48_RS07170,905.1449099,-7.331914043,0.45613922,-16.07385139,3.89E-58,3.41E-55
rna-J2S48_RS12480,1516.024329,-7.859297694,0.490129941,-16.03513076,7.26E-58,5.09E-55
MSTRG.97.1,30902.47238,-7.550129061,0.512154033,-14.74191079,3.47E-49,2.02E-46
rna-J2S48_RS12475,621.267724,-5.373830344,0.375084454,-14.32698765,1.48E-46,7.43E-44
gene-J2S48_RS16660,7572.995404,4.860208161,0.339820828,14.30226683,2.12E-46,9.27E-44
MSTRG.767.1,8955.626011,-4.633666814,0.336740381,-13.76035388,4.41E-43,1.72E-40
gene-J2S48_RS02325,885.9506712,-10.30212884,0.767334183,-13.42586981,4.27E-41,1.49E-38
MSTRG.3499.1,4049.175911,-3.43417534,0.27595992,-12.44447142,1.50E-35,4.77E-33
gene-J2S48_RS13825,2713.923511,3.637145965,0.294614198,12.3454538,5.15E-35,1.50E-32
MSTRG.1235.1,7313.100963,-3.613875304,0.297386464,-12.15211768,5.59E-34,1.51E-31
gene-J2S48_RS00300,1287.441304,-3.940607218,0.32497128,-12.12601685,7.69E-34,1.92E-31
gene-J2S48_RS21085,1023.717075,-4.095975365,0.344548979,-11.88793355,1.37E-32,3.19E-30
gene-J2S48_RS02320,382.0060731,-5.133733234,0.435573662,-11.78614247,4.60E-32,1.01E-29
gene-J2S48_RS18870,3790.704794,-3.491125513,0.297407215,-11.73853671,8.09E-32,1.67E-29
gene-J2S48_RS10185,45247.29985,6.050334561,0.528794797,11.44174374,2.59E-30,5.03E-28
gene-J2S48_RS13845,3299.897621,3.117533702,0.273842033,11.38442361,5.00E-30,8.81E-28
gene-J2S48_RS02120,350.6548882,-4.651007766,0.408561178,-11.38387105,5.03E-30,8.81E-28
gene-J2S48_RS20595,2320.372984,3.422018228,0.301320316,11.35674577,6.87E-30,1.15E-27
gene-J2S48_RS14420,4456.220972,-3.610203452,0.321321436,-11.23548897,2.73E-29,4.35E-27
gene-J2S48_RS20105,409.6307295,-4.042991342,0.365608546,-11.05825174,2.00E-28,3.05E-26
gene-J2S48_RS20885,1563.752518,-3.960954761,0.359080633,-11.03082259,2.71E-28,3.96E-26
gene-J2S48_RS16725,409.2957048,-4.301419576,0.394120707,-10.91396493,9.88E-28,1.39E-25
gene-J2S48_RS12905,582.2930792,-3.935084632,0.364334941,-10.80073357,3.41E-27,4.60E-25
MSTRG.3234.1,569.8024853,-3.652744134,0.341327878,-10.70156987,1.00E-26,1.30E-24
gene-J2S48_RS20880,578.3935419,-4.42047263,0.41369798,-10.68526519,1.19E-26,1.49E-24
MSTRG.1650.1,44112.40322,-6.004062238,0.570145152,-10.53076083,6.23E-26,7.53E-24
gene-J2S48_RS04025,488.2268313,-4.230411679,0.4031739,-10.49277168,9.33E-26,1.09E-23
gene-J2S48_RS16555,20120.28853,-4.711152504,0.449941813,-10.47058168,1.18E-25,1.33E-23
gene-J2S48_RS25950,1236.588476,3.099403468,0.29620912,10.46356531,1.27E-25,1.39E-23
gene-J2S48_RS17270,5374.811747,3.45172183,0.331009017,10.42787857,1.85E-25,1.96E-23
gene-J2S48_RS25930,570.2777552,3.922272819,0.378445536,10.36416721,3.61E-25,3.72E-23
gene-J2S48_RS25910,860.097846,-4.157346427,0.402313469,-10.33359991,4.97E-25,4.97E-23
MSTRG.487.1,5097.20611,-3.399659043,0.331342944,-10.26024276,1.06E-24,1.04E-22
MSTRG.72.1,3243.927003,2.613339096,0.254976052,10.24935117,1.19E-24,1.13E-22
gene-J2S48_RS16800,449.8770877,4.18469389,0.408613459,10.24120424,1.30E-24,1.19E-22
gene-J2S48_RS13780,894.0748047,3.315945966,0.324735105,10.21123346,1.77E-24,1.59E-22
gene-J2S48_RS25310,2137.548207,2.922961483,0.287215836,10.17688135,2.51E-24,2.20E-22
rna-J2S48_RS06045,663.8752012,-3.732951412,0.370976267,-10.06250734,8.09E-24,6.91E-22
gene-J2S48_RS06720,411.9094947,-4.720359198,0.47209083,-9.998836867,1.54E-23,1.29E-21
gene-J2S48_RS12825,1548.696442,-3.84329838,0.385829219,-9.961138729,2.25E-23,1.80E-21
rna-J2S48_RS15025,361.2760005,-5.072697169,0.509216347,-9.961772043,2.24E-23,1.80E-21
gene-J2S48_RS14920,19708.31425,-2.765454249,0.277820362,-9.95410929,2.42E-23,1.88E-21
MSTRG.1298.1,2743.75882,-3.69432757,0.371610086,-9.94140824,2.75E-23,2.05E-21
gene-J2S48_RS13770,59093.22457,-4.355772135,0.438109837,-9.942192051,2.73E-23,2.05E-21
gene-J2S48_RS17750,1882.488246,2.961102422,0.299426495,9.889246524,4.64E-23,3.38E-21
gene-J2S48_RS13785,2684.750367,3.115204043,0.31678636,9.833769487,8.05E-23,5.76E-21
gene-J2S48_RS00400,1144.567009,3.384504732,0.345386954,9.799167844,1.14E-22,7.95E-21
gene-J2S48_RS21140,613.0090736,3.577974885,0.367544776,9.734800004,2.14E-22,1.47E-20
gene-J2S48_RS07055,359.6595558,-3.203029668,0.331330523,-9.66717356,4.16E-22,2.80E-20
gene-J2S48_RS13310,574.0310727,3.731337326,0.389615267,9.576979241,9.99E-22,6.60E-20
gene-J2S48_RS17385,2622.708229,-4.115521193,0.430894357,-9.551114146,1.28E-21,8.32E-20
rna-J2S48_RS10600,112.4628434,-6.485001562,0.682078082,-9.507711416,1.95E-21,1.24E-19
gene-J2S48_RS25900,1405.473923,-4.804322943,0.507397694,-9.468554951,2.84E-21,1.77E-19
gene-J2S48_RS02165,348.9249485,-3.36723061,0.36043279,-9.342187233,9.44E-21,5.60E-19
gene-J2S48_RS06970,317.6080908,-3.483277528,0.372827346,-9.342870278,9.38E-21,5.60E-19
gene-J2S48_RS07235,1150.546883,-3.150244534,0.337184508,-9.342791449,9.38E-21,5.60E-19
gene-J2S48_RS05740,258.5314099,4.630345027,0.496053121,9.334373347,1.02E-20,5.93E-19
MSTRG.2974.1,150.0687462,-4.000854632,0.431719032,-9.267264907,1.91E-20,1.10E-18
gene-J2S48_RS08550,254.8384741,3.869607629,0.420441897,9.203667995,3.46E-20,1.95E-18
gene-J2S48_RS22865,529.8297158,-3.390755791,0.368859481,-9.192540692,3.84E-20,2.13E-18
MSTRG.2943.1,840.3637163,2.811822663,0.306733798,9.166980225,4.86E-20,2.66E-18
gene-J2S48_RS11120,1467.299372,-3.118820728,0.341986212,-9.119726532,7.53E-20,4.01E-18
gene-J2S48_RS01630,456.5269292,3.741672605,0.4103007,9.119342477,7.56E-20,4.01E-18
MSTRG.1822.1,8058.702412,4.432345457,0.486983551,9.101632795,8.90E-20,4.65E-18
gene-J2S48_RS17810,3983.955238,3.366585592,0.3727091,9.032743199,1.67E-19,8.62E-18
MSTRG.11.1,963.7263474,-4.362589653,0.483778521,-9.017741507,1.92E-19,9.75E-18
gene-J2S48_RS13595,2144.704783,2.580902232,0.287502729,8.976966041,2.78E-19,1.39E-17
gene-J2S48_RS17310,421.5350206,-3.711522301,0.414138452,-8.962032586,3.19E-19,1.57E-17
gene-J2S48_RS18320,6702.956468,-2.652595568,0.297888832,-8.904649252,5.36E-19,2.61E-17
gene-J2S48_RS06485,2856.500931,3.683985289,0.414105713,8.896243571,5.78E-19,2.74E-17
gene-J2S48_RS16875,888.3325862,-3.164947621,0.355768684,-8.896082661,5.79E-19,2.74E-17
gene-J2S48_RS08470,2926.706567,2.510384432,0.283043728,8.86924593,7.36E-19,3.44E-17
gene-J2S48_RS24720,1113.574222,-5.240385282,0.591656989,-8.857134085,8.21E-19,3.78E-17
MSTRG.47.1,86590.89456,4.483581537,0.506411072,8.853640414,8.47E-19,3.85E-17
gene-J2S48_RS15180,399.3743009,-2.88620193,0.3266754,-8.835075816,1.00E-18,4.49E-17
gene-J2S48_RS14405,5419.295274,-3.0081817,0.340875253,-8.824875584,1.10E-18,4.86E-17
rna-J2S48_RS10595,510.3074355,-3.531802118,0.400917152,-8.809306616,1.26E-18,5.51E-17
rna-J2S48_RS16000,287.6010964,-4.261677411,0.484602117,-8.794178275,1.44E-18,6.23E-17
MSTRG.190.1,2662.448032,4.911878687,0.560761771,8.759296616,1.96E-18,8.39E-17
gene-J2S48_RS25070,638.5870429,3.086012332,0.353719548,8.724460796,2.67E-18,1.13E-16
gene-J2S48_RS24730,1423.737078,-3.753822644,0.431972656,-8.689954302,3.63E-18,1.51E-16
gene-J2S48_RS06480,8674.621826,5.124405323,0.590581248,8.676884579,4.07E-18,1.68E-16
MSTRG.99.1,339.1242522,-2.930132801,0.34074945,-8.599082987,8.04E-18,3.27E-16
gene-J2S48_RS21205,55.95072471,7.664884199,0.891489028,8.597844678,8.12E-18,3.27E-16
rna-J2S48_RS19430,116.0223209,-4.43374544,0.518133683,-8.557145751,1.16E-17,4.61E-16
gene-J2S48_RS17785,2230.4328,2.94902857,0.345458353,8.536567562,1.38E-17,5.44E-16
gene-J2S48_RS01875,382.7845497,-3.088399538,0.363481055,-8.496727665,1.95E-17,7.59E-16
gene-J2S48_RS12395,1006.725757,3.313040855,0.390021384,8.494510801,1.99E-17,7.65E-16
MSTRG.20.1,136.1419732,-4.648007947,0.547669316,-8.486887642,2.12E-17,8.06E-16
gene-J2S48_RS20130,1184.757075,-2.252514552,0.265441916,-8.485903756,2.14E-17,8.06E-16
gene-J2S48_RS13420,2582.148558,-4.417526563,0.521648111,-8.468403253,2.49E-17,9.27E-16
gene-J2S48_RS07360,873.1667139,-3.785034217,0.44792155,-8.450216824,2.91E-17,1.07E-15
rna-J2S48_RS10510,240.0196288,-3.639033398,0.431569643,-8.432088443,3.40E-17,1.24E-15
gene-J2S48_RS20520,716.9549025,2.761655073,0.329317063,8.386006616,5.03E-17,1.82E-15
gene-J2S48_RS04535,76797.95919,-3.337340991,0.398274311,-8.379503525,5.32E-17,1.90E-15
MSTRG.1329.1,81.44013223,-7.699347124,0.920238346,-8.366687995,5.93E-17,2.10E-15
gene-J2S48_RS19520,229.9468595,-3.336260363,0.40050983,-8.330033651,8.08E-17,2.83E-15
gene-J2S48_RS14735,824.312205,-2.587959041,0.312281878,-8.28725336,1.16E-16,4.00E-15
gene-J2S48_RS25940,976.8332499,3.815026284,0.460381206,8.286668158,1.16E-16,4.00E-15
gene-J2S48_RS00240,149.8818653,4.418167127,0.534529451,8.265526092,1.39E-16,4.73E-15
MSTRG.2270.1,3307.220566,2.649924008,0.321159239,8.251121838,1.57E-16,5.29E-15
gene-J2S48_RS19885,567.6789753,-3.091712813,0.37477894,-8.249430492,1.59E-16,5.31E-15
gene-J2S48_RS26115,2155.95293,2.501770072,0.304651333,8.211912449,2.18E-16,7.19E-15
gene-J2S48_RS19745,658.1689901,-3.031987898,0.369708665,-8.201019306,2.38E-16,7.80E-15
gene-J2S48_RS04045,1851.824851,-3.035737085,0.370257747,-8.198983295,2.42E-16,7.86E-15
gene-J2S48_RS04250,663.1603818,-2.906465776,0.355968725,-8.164947003,3.22E-16,1.03E-14
gene-J2S48_RS12575,2030.21639,-3.622530898,0.443919768,-8.16032796,3.34E-16,1.06E-14
gene-J2S48_RS07555,1335.676276,2.963203746,0.366035752,8.095394317,5.71E-16,1.80E-14
gene-J2S48_RS08825,290.2123906,3.503050887,0.43344792,8.081826508,6.38E-16,2.00E-14
gene-J2S48_RS22375,539.2577246,3.040404903,0.376338846,8.07890266,6.54E-16,2.03E-14
gene-J2S48_RS10995,784.8868107,-2.910255357,0.3613063,-8.054814869,7.96E-16,2.45E-14
gene-J2S48_RS07850,257.112362,-3.413153506,0.425287776,-8.025515193,1.01E-15,3.08E-14
gene-J2S48_RS18920,811.7654329,-2.734212623,0.34189701,-7.997182021,1.27E-15,3.84E-14
gene-J2S48_RS02465,195.7837017,3.130511223,0.39150765,7.996041003,1.28E-15,3.85E-14
MSTRG.3408.1,65.70953722,-7.408719525,0.927593031,-7.987036636,1.38E-15,4.10E-14
MSTRG.1958.1,1999.436148,-3.505396561,0.43927335,-7.979989133,1.46E-15,4.31E-14
gene-J2S48_RS12465,380.4985499,-3.585957194,0.449861917,-7.971239755,1.57E-15,4.55E-14
gene-J2S48_RS24745,218.5691611,2.911605745,0.365245476,7.971640821,1.57E-15,4.55E-14
gene-J2S48_RS12830,249.4692766,-3.04754028,0.382603168,-7.965277167,1.65E-15,4.73E-14
gene-J2S48_RS25080,5402.700576,-2.594336,0.326313863,-7.950431464,1.86E-15,5.29E-14
MSTRG.2376.1,1334.853076,3.613525359,0.454741895,7.946321639,1.92E-15,5.43E-14
gene-J2S48_RS14750,1344.188511,-2.898790454,0.365337211,-7.934561192,2.11E-15,5.92E-14
gene-J2S48_RS20525,727.6788323,2.405324015,0.303374663,7.92855932,2.22E-15,6.16E-14
gene-J2S48_RS04195,505.4812782,2.927497911,0.369517046,7.922497603,2.33E-15,6.42E-14
gene-J2S48_RS16880,328.7033403,-3.187444071,0.402685808,-7.915461656,2.46E-15,6.74E-14
gene-J2S48_RS19270,1359.840943,-2.899101791,0.366686992,-7.906202992,2.65E-15,7.21E-14
gene-J2S48_RS18915,800.9969615,-2.443955419,0.309337802,-7.900603818,2.78E-15,7.48E-14
gene-J2S48_RS04030,1634.961824,-3.652580297,0.462519523,-7.897137564,2.85E-15,7.63E-14
gene-J2S48_RS21880,2705.523439,-2.464452625,0.312129775,-7.895602477,2.89E-15,7.67E-14
rna-J2S48_RS24910,63.08347603,-7.355402745,0.93492595,-7.86736398,3.62E-15,9.54E-14
gene-J2S48_RS21045,492.280598,3.208941147,0.409129485,7.843338767,4.39E-15,1.15E-13
MSTRG.12.1,265.2068204,3.495285963,0.446099987,7.835207498,4.68E-15,1.21E-13
gene-J2S48_RS09620,379.0280863,-2.825396964,0.361160605,-7.823103965,5.15E-15,1.33E-13
gene-J2S48_RS02795,3217.158686,2.875351235,0.36887449,7.794931097,6.44E-15,1.65E-13
gene-J2S48_RS18085,12783.30816,2.260542485,0.290378791,7.784805764,6.98E-15,1.77E-13
gene-J2S48_RS02340,1271.197791,-4.464199496,0.575215668,-7.760914293,8.43E-15,2.12E-13
gene-J2S48_RS08750,1045.862744,3.476375502,0.448525015,7.750683652,9.14E-15,2.29E-13
gene-J2S48_RS02205,438.8677826,2.906751131,0.3755116,7.740775875,9.88E-15,2.44E-13
MSTRG.2107.1,729.5301556,-3.180363015,0.410923565,-7.739548876,9.98E-15,2.44E-13
rna-J2S48_RS24235,65.34379207,-6.108283188,0.789139875,-7.740431548,9.91E-15,2.44E-13
MSTRG.625.1,14858.02165,-2.697765382,0.348694227,-7.73676525,1.02E-14,2.48E-13
rna-J2S48_RS15085,591.2824534,-2.959943399,0.382956016,-7.729199373,1.08E-14,2.61E-13
gene-J2S48_RS17320,1612.510262,3.55003008,0.459435213,7.726943829,1.10E-14,2.64E-13
gene-J2S48_RS00495,1510.773927,-3.410778086,0.441846707,-7.719369717,1.17E-14,2.79E-13
gene-J2S48_RS13070,423.940957,-2.59230506,0.335968345,-7.715920559,1.20E-14,2.84E-13
gene-J2S48_RS07795,1037.069595,-2.857073889,0.370677478,-7.707708333,1.28E-14,3.01E-13
gene-J2S48_RS15265,98.50097492,5.700169545,0.740102346,7.701866608,1.34E-14,3.13E-13
gene-J2S48_RS04415,9334.572436,1.93742983,0.251747546,7.695923407,1.40E-14,3.26E-13
MSTRG.1727.1,6158.792056,4.397371672,0.571491695,7.694550443,1.42E-14,3.27E-13
gene-J2S48_RS10180,295.6378508,4.010143034,0.52545987,7.631682761,2.32E-14,5.31E-13
gene-J2S48_RS25370,2102.926315,2.830332575,0.370953072,7.629893887,2.35E-14,5.34E-13
gene-J2S48_RS17260,780.8134829,-3.355443312,0.43987931,-7.628099872,2.38E-14,5.38E-13
gene-J2S48_RS10260,401.4186178,2.963982494,0.39001956,7.599573968,2.97E-14,6.67E-13
gene-J2S48_RS00840,271.0794734,4.197742828,0.553363617,7.585867055,3.30E-14,7.37E-13
gene-J2S48_RS16890,457.2670543,-2.457767906,0.325570563,-7.549109738,4.38E-14,9.72E-13
gene-J2S48_RS25005,916.0726892,-3.237840648,0.429186574,-7.544133116,4.55E-14,1.00E-12
gene-J2S48_RS13810,337.971586,2.9469664,0.394487263,7.470371484,8.00E-14,1.75E-12
MSTRG.2121.1,314.0437309,-3.607653075,0.483904354,-7.455301957,8.97E-14,1.95E-12
gene-J2S48_RS07855,304.2602122,-3.179677292,0.42701299,-7.446324506,9.60E-14,2.08E-12
rna-J2S48_RS24160,573.5399731,-2.992973764,0.402791482,-7.4305786,1.08E-13,2.32E-12
gene-J2S48_RS13390,6693.606511,2.531233812,0.340877937,7.425631093,1.12E-13,2.40E-12
gene-J2S48_RS01380,1705.408799,2.508455053,0.339444979,7.389872307,1.47E-13,3.10E-12
rna-J2S48_RS15560,341.0020848,-4.670139124,0.631937543,-7.390190973,1.47E-13,3.10E-12
gene-J2S48_RS01390,857.3497544,2.890439928,0.39165126,7.380136932,1.58E-13,3.32E-12
gene-J2S48_RS08560,2291.030202,-3.166173516,0.430028016,-7.362714508,1.80E-13,3.76E-12
gene-J2S48_RS18880,3526.854758,-2.434463394,0.330866442,-7.35784319,1.87E-13,3.87E-12
gene-J2S48_RS07565,1037.015926,2.516228521,0.342916603,7.33772731,2.17E-13,4.45E-12
gene-J2S48_RS07815,193.00068,-3.016499041,0.411070839,-7.338148943,2.17E-13,4.45E-12
gene-J2S48_RS04985,1126.741906,2.307523803,0.314575599,7.33535535,2.21E-13,4.50E-12
gene-J2S48_RS25915,356.6413864,-3.966183408,0.542229533,-7.314583895,2.58E-13,5.23E-12
gene-J2S48_RS25905,583.0798116,-4.751907196,0.651496491,-7.293833909,3.01E-13,6.06E-12
gene-J2S48_RS21240,1154.729226,2.672485989,0.367529197,7.27149301,3.56E-13,7.12E-12
MSTRG.1092.1,2447.374461,2.467816485,0.339999438,7.258295775,3.92E-13,7.80E-12
rna-J2S48_RS12470,133.7216577,-4.659850815,0.644880669,-7.225911769,4.98E-13,9.85E-12
gene-J2S48_RS21855,406.8983829,2.623819706,0.363698256,7.214276299,5.42E-13,1.07E-11
MSTRG.3438.1,1194.606224,-2.447266927,0.339500112,-7.208442169,5.66E-13,1.11E-11
gene-J2S48_RS13370,597.440081,-2.444334772,0.339192726,-7.206330157,5.75E-13,1.12E-11
gene-J2S48_RS02560,197.1822175,3.003010147,0.417081303,7.200059372,6.02E-13,1.16E-11
gene-J2S48_RS21255,688.473721,2.309108756,0.321477956,7.182790331,6.83E-13,1.31E-11
gene-J2S48_RS00595,349.9489302,-2.895239847,0.40327336,-7.179348147,7.00E-13,1.34E-11
gene-J2S48_RS06930,5379.425713,-2.702117451,0.376506011,-7.176824194,7.13E-13,1.36E-11
rna-J2S48_RS20040,599.2574246,-4.439997746,0.619190384,-7.170650352,7.46E-13,1.41E-11
MSTRG.863.1,8000.821905,-2.315721747,0.324251798,-7.141739099,9.22E-13,1.74E-11
gene-J2S48_RS00950,1408.171585,2.513405401,0.351977859,7.140805403,9.28E-13,1.74E-11
gene-J2S48_RS16650,4952.937458,2.533759223,0.356004926,7.117202715,1.10E-12,2.04E-11
gene-J2S48_RS19345,400.0257274,-2.547208372,0.357864291,-7.117805368,1.10E-12,2.04E-11
gene-J2S48_RS00955,590.5294765,2.692188303,0.378341125,7.115769676,1.11E-12,2.05E-11
gene-J2S48_RS25085,2629.115991,-2.440016722,0.343296713,-7.107602929,1.18E-12,2.17E-11
MSTRG.57.1,1815.278095,-2.329313837,0.328467458,-7.091460001,1.33E-12,2.42E-11
gene-J2S48_RS17415,926.3879352,-2.239739711,0.31627928,-7.081525271,1.43E-12,2.59E-11
gene-J2S48_RS26350,359.9828425,-2.927672022,0.413639421,-7.077836086,1.46E-12,2.64E-11
gene-J2S48_RS18855,3646.813347,-1.871761369,0.265140541,-7.059506479,1.67E-12,3.00E-11
MSTRG.2427.1,209.9494244,-2.493063881,0.353262625,-7.057253465,1.70E-12,3.04E-11
gene-J2S48_RS24750,832.8898491,1.989904743,0.283882472,7.009607624,2.39E-12,4.25E-11
gene-J2S48_RS12910,319.4582218,-3.936293913,0.561991162,-7.004191842,2.48E-12,4.39E-11
gene-J2S48_RS03950,3664.084339,-2.639069243,0.378439659,-6.973553589,3.09E-12,5.44E-11
gene-J2S48_RS22370,189.1446012,2.812328595,0.403664683,6.966991948,3.24E-12,5.67E-11
gene-J2S48_RS21850,739.5406975,-3.025943336,0.434737292,-6.960395135,3.39E-12,5.91E-11
gene-J2S48_RS19005,314.448335,-2.5901344,0.372503962,-6.953306987,3.57E-12,6.19E-11
MSTRG.343.1,978.9949836,2.18517113,0.31445264,6.949126353,3.68E-12,6.34E-11
gene-J2S48_RS04565,833.0708254,-2.808512403,0.404681533,-6.940055754,3.92E-12,6.73E-11
MSTRG.1826.1,336.3235345,-3.800271005,0.549206097,-6.91957177,4.53E-12,7.74E-11
gene-J2S48_RS21150,756.4343037,3.153060512,0.456258715,6.910685553,4.82E-12,8.20E-11
gene-J2S48_RS04385,1660.486317,2.215222059,0.320755456,6.906264626,4.98E-12,8.42E-11
gene-J2S48_RS24120,342.0301716,3.237055998,0.473670995,6.833975555,8.26E-12,1.39E-10
gene-J2S48_RS13620,271.3585492,-2.69010706,0.394377426,-6.821148688,9.03E-12,1.51E-10
gene-J2S48_RS10145,1477.460091,-2.126573206,0.311793702,-6.820449517,9.08E-12,1.51E-10
gene-J2S48_RS14525,872.2684503,-2.061460404,0.302806348,-6.807850696,9.91E-12,1.64E-10
gene-J2S48_RS10190,216.9257319,3.046072724,0.447685852,6.804040623,1.02E-11,1.68E-10
MSTRG.2247.1,12949.65647,-4.514600331,0.663609021,-6.803102709,1.02E-11,1.68E-10
gene-J2S48_RS21625,748.9264269,3.153604355,0.464053273,6.795780868,1.08E-11,1.76E-10
MSTRG.61.1,356.6315151,-2.903165346,0.427454915,-6.791746318,1.11E-11,1.81E-10
rna-J2S48_RS06070,67.55120494,-5.082870051,0.749581683,-6.780942181,1.19E-11,1.94E-10
MSTRG.2926.1,1955.310742,-2.098762459,0.309984343,-6.77054343,1.28E-11,2.07E-10
gene-J2S48_RS13200,4912.373971,-2.235983057,0.330530047,-6.764840523,1.33E-11,2.14E-10
gene-J2S48_RS21575,700.043866,3.144492889,0.466053912,6.747058251,1.51E-11,2.41E-10
gene-J2S48_RS09835,601.2891367,-3.62400548,0.538401621,-6.73104489,1.68E-11,2.68E-10
gene-J2S48_RS13445,598.9656069,2.332347917,0.34717116,6.718149964,1.84E-11,2.92E-10
gene-J2S48_RS19820,506.0188391,-2.632556013,0.392137191,-6.713354597,1.90E-11,3.00E-10
gene-J2S48_RS04230,300.0985383,2.796709825,0.416738386,6.71094844,1.93E-11,3.04E-10
gene-J2S48_RS09385,339.9982998,-2.418935902,0.361076749,-6.699229203,2.10E-11,3.28E-10
gene-J2S48_RS09640,2421.569903,1.979664952,0.295834768,6.691792728,2.20E-11,3.43E-10
gene-J2S48_RS10005,975.7276783,1.818718391,0.272628899,6.671040373,2.54E-11,3.94E-10
gene-J2S48_RS15080,532.5677081,-3.263549913,0.489292194,-6.669940683,2.56E-11,3.95E-10
MSTRG.2316.1,1215.563828,-3.095022215,0.465549263,-6.648108929,2.97E-11,4.56E-10
gene-J2S48_RS24700,584.4677443,-2.860795021,0.430543321,-6.644615954,3.04E-11,4.65E-10
gene-J2S48_RS21120,314.7243312,3.072282506,0.463027704,6.635202341,3.24E-11,4.94E-10
gene-J2S48_RS07780,1233.45016,1.919291887,0.290173182,6.614297969,3.73E-11,5.66E-10
gene-J2S48_RS01880,820.5305683,-2.110394392,0.319298649,-6.609468594,3.86E-11,5.80E-10
gene-J2S48_RS21165,255.1819504,3.061991919,0.463256938,6.609705474,3.85E-11,5.80E-10
gene-J2S48_RS20785,279.982447,2.310170008,0.349571652,6.608573649,3.88E-11,5.81E-10
gene-J2S48_RS13410,1207.850374,-2.174188954,0.329143608,-6.605593738,3.96E-11,5.90E-10
gene-J2S48_RS01850,337.2421196,-2.157156297,0.326706519,-6.602734179,4.04E-11,5.99E-10
gene-J2S48_RS01385,972.2789998,2.635627328,0.400251643,6.584925696,4.55E-11,6.72E-10
gene-J2S48_RS21685,80.83567269,-3.577042942,0.54325109,-6.584511298,4.56E-11,6.72E-10
gene-J2S48_RS07760,211.9856686,-2.652146519,0.403464819,-6.573426956,4.92E-11,7.21E-10
gene-J2S48_RS12795,875.2491974,-2.675687663,0.408432359,-6.55111576,5.71E-11,8.34E-10
gene-J2S48_RS09900,292.488929,-2.598084747,0.397065751,-6.543210392,6.02E-11,8.75E-10
gene-J2S48_RS09280,379.6856243,-2.30936886,0.354661748,-6.51146866,7.44E-11,1.08E-09
gene-J2S48_RS20900,439.2042833,3.171450336,0.487388393,6.507028848,7.67E-11,1.10E-09
gene-J2S48_RS05130,2924.797288,-3.511155646,0.539710579,-6.505626876,7.74E-11,1.11E-09
MSTRG.2755.1,490.6763772,-2.518964618,0.388198542,-6.488856456,8.65E-11,1.24E-09
gene-J2S48_RS04960,293.7879306,3.597727155,0.554537043,6.487803112,8.71E-11,1.24E-09
gene-J2S48_RS08500,480.9747147,-2.481339165,0.38251476,-6.486910891,8.76E-11,1.24E-09
MSTRG.63.1,3953.495975,-2.004274692,0.309066297,-6.484934493,8.88E-11,1.25E-09
gene-J2S48_RS25390,124.6231076,3.924613221,0.605951734,6.4767753,9.37E-11,1.32E-09
gene-J2S48_RS15050,1004.057289,-2.011077293,0.311423591,-6.457690906,1.06E-10,1.49E-09
gene-J2S48_RS19830,1810.917403,-1.784357586,0.276785742,-6.446710626,1.14E-10,1.60E-09
gene-J2S48_RS13815,245.4287428,2.759488345,0.428961221,6.432955259,1.25E-10,1.74E-09
gene-J2S48_RS17080,197.369456,3.036205215,0.4729756,6.419369662,1.37E-10,1.89E-09
gene-J2S48_RS21145,236.8842028,2.78182335,0.433590478,6.41578515,1.40E-10,1.93E-09
gene-J2S48_RS07060,663.747002,-3.344621671,0.521948576,-6.407952481,1.47E-10,2.03E-09
gene-J2S48_RS04390,2635.647272,-1.949891007,0.304434021,-6.40497078,1.50E-10,2.06E-09
MSTRG.1961.1,950.1184624,-3.411835283,0.532830233,-6.403231413,1.52E-10,2.07E-09
gene-J2S48_RS20790,190.8146005,2.496544197,0.389912172,6.402837293,1.53E-10,2.07E-09
gene-J2S48_RS13175,1008.771832,-1.858113181,0.290557933,-6.394983469,1.61E-10,2.17E-09
MSTRG.60.1,60.96869078,-4.366059372,0.683248499,-6.390148504,1.66E-10,2.23E-09
MSTRG.1324.1,8576.080798,3.750070724,0.588918824,6.367720938,1.92E-10,2.58E-09
gene-J2S48_RS00245,205.4965898,2.964564668,0.465698488,6.365845598,1.94E-10,2.60E-09
gene-J2S48_RS06730,986.8069655,-1.832845098,0.288174464,-6.360192611,2.02E-10,2.68E-09
gene-J2S48_RS02200,541.8267037,2.252367223,0.354629809,6.351319503,2.13E-10,2.83E-09
MSTRG.1102.1,329.4144947,-2.324280264,0.366340543,-6.344589234,2.23E-10,2.95E-09
gene-J2S48_RS13625,581.3849466,-2.238119586,0.35379309,-6.326069245,2.51E-10,3.30E-09
MSTRG.2704.1,14601.70764,-1.711643164,0.270568219,-6.326105741,2.51E-10,3.30E-09
MSTRG.167.1,784.9117527,-1.967233811,0.312058573,-6.304053096,2.90E-10,3.79E-09
MSTRG.2920.1,732.1240972,2.204424232,0.349971279,6.298871831,3.00E-10,3.90E-09
gene-J2S48_RS19985,693.0686717,2.398987375,0.381129594,6.294413791,3.09E-10,4.00E-09
gene-J2S48_RS12885,1660.688722,2.157315869,0.342935369,6.290735993,3.16E-10,4.08E-09
gene-J2S48_RS11490,1162.446975,2.100098543,0.334998645,6.268976229,3.63E-10,4.68E-09
gene-J2S48_RS09845,294.3011578,-2.446741898,0.390517862,-6.265377686,3.72E-10,4.77E-09
gene-J2S48_RS13605,7604.76423,-1.631803126,0.263196123,-6.199951233,5.65E-10,7.22E-09
MSTRG.1417.1,86.71122645,-3.258175962,0.525973063,-6.194568111,5.84E-10,7.44E-09
gene-J2S48_RS15235,181.3431761,4.167286749,0.674139313,6.181640306,6.34E-10,8.05E-09
gene-J2S48_RS00835,390.9768665,3.605902113,0.584603609,6.168114699,6.91E-10,8.74E-09
MSTRG.3219.1,153.8900409,-3.877541639,0.629354669,-6.16113907,7.22E-10,9.10E-09
gene-J2S48_RS23465,485.8973714,-3.368893933,0.547358616,-6.154820321,7.52E-10,9.44E-09
gene-J2S48_RS19700,268.0777285,2.12247942,0.345413716,6.14474562,8.01E-10,1.00E-08
gene-J2S48_RS08475,814.4242081,1.942106893,0.316614107,6.133987241,8.57E-10,1.07E-08
gene-J2S48_RS02680,294.1004374,2.633212589,0.429830666,6.126162694,9.00E-10,1.12E-08
gene-J2S48_RS11770,356.0958714,1.940146459,0.316919604,6.121888442,9.25E-10,1.14E-08
MSTRG.2478.1,4436.32863,-3.582018992,0.585813274,-6.114608783,9.68E-10,1.19E-08
gene-J2S48_RS00960,70.60561382,3.408342957,0.558939402,6.097875629,1.07E-09,1.32E-08
gene-J2S48_RS12510,1001.149138,-2.150447946,0.352810974,-6.095184413,1.09E-09,1.34E-08
MSTRG.1905.1,7589.481728,-3.361766596,0.552173845,-6.088239464,1.14E-09,1.39E-08
MSTRG.3498.1,3364.300195,-2.249706384,0.369805624,-6.083483419,1.18E-09,1.43E-08
MSTRG.2700.1,2749.08164,-1.554516491,0.255651214,-6.080614553,1.20E-09,1.45E-08
gene-J2S48_RS10000,2804.834018,3.770423217,0.621611371,6.065563459,1.31E-09,1.59E-08
gene-J2S48_RS19245,5364.104847,-1.653606774,0.27317749,-6.053232192,1.42E-09,1.71E-08
MSTRG.5.1,292.6445302,2.494657659,0.412649078,6.045470095,1.49E-09,1.79E-08
gene-J2S48_RS01400,160.4744155,2.897257766,0.481144757,6.021592727,1.73E-09,2.06E-08
gene-J2S48_RS18675,667.961352,2.095800756,0.349538221,5.995912979,2.02E-09,2.41E-08
gene-J2S48_RS02915,475.997271,-1.810596048,0.30287246,-5.978080836,2.26E-09,2.68E-08
gene-J2S48_RS00845,443.4192692,3.003529586,0.502472751,5.977497448,2.27E-09,2.68E-08
gene-J2S48_RS13380,5727.046725,2.416946268,0.405926487,5.954147722,2.61E-09,3.08E-08
gene-J2S48_RS20015,2453.440161,-2.045898774,0.34488331,-5.932147821,2.99E-09,3.51E-08
gene-J2S48_RS06115,467.1256002,-2.578559133,0.435058129,-5.926930136,3.09E-09,3.62E-08
MSTRG.2153.1,175.1544546,2.783047369,0.469658407,5.925684127,3.11E-09,3.63E-08
MSTRG.173.1,1521.426771,-1.704734194,0.287719937,-5.924977632,3.12E-09,3.63E-08
gene-J2S48_RS09320,2237.532859,-2.446546459,0.413068696,-5.922856132,3.16E-09,3.67E-08
gene-J2S48_RS21500,2507.390034,2.71350617,0.458325021,5.920484478,3.21E-09,3.71E-08
gene-J2S48_RS15030,337.09717,-2.165318994,0.366031706,-5.915659651,3.31E-09,3.81E-08
gene-J2S48_RS14005,418.0350555,2.562058097,0.437222814,5.859845403,4.63E-09,5.32E-08
gene-J2S48_RS01300,365.1949786,-1.797860354,0.307555315,-5.845648793,5.05E-09,5.78E-08
MSTRG.1295.1,7834.032776,-1.588333099,0.271740396,-5.845038586,5.06E-09,5.78E-08
gene-J2S48_RS15695,1287.417055,1.833858401,0.313795559,5.844118396,5.09E-09,5.78E-08
gene-J2S48_RS23370,529.6673275,1.806008823,0.309037015,5.843988706,5.10E-09,5.78E-08
gene-J2S48_RS20355,398.2774727,-2.112446365,0.361594477,-5.842031608,5.16E-09,5.83E-08
rna-J2S48_RS21355,104.879118,-4.453961527,0.763246952,-5.835544463,5.36E-09,6.04E-08
MSTRG.1953.1,6186.31748,-1.840424441,0.31573834,-5.82895457,5.58E-09,6.26E-08
gene-J2S48_RS13040,556.2732404,2.021701976,0.347622343,5.815799873,6.03E-09,6.75E-08
gene-J2S48_RS11860,1167.496368,-1.950010992,0.335829235,-5.80655521,6.38E-09,7.11E-08
gene-J2S48_RS18865,3378.839953,-2.384841827,0.412381031,-5.783102635,7.33E-09,8.16E-08
MSTRG.860.1,205.3639963,-2.248630067,0.389379644,-5.774904007,7.70E-09,8.54E-08
gene-J2S48_RS22875,78.24794098,-3.1362171,0.544705237,-5.757640802,8.53E-09,9.43E-08
gene-J2S48_RS08895,121.5817166,3.255334065,0.566069575,5.750766704,8.88E-09,9.79E-08
gene-J2S48_RS12425,352.3074968,-2.157491259,0.375218243,-5.749963658,8.93E-09,9.80E-08
gene-J2S48_RS11140,263.9033439,-2.18303627,0.380025697,-5.744443837,9.22E-09,1.01E-07
MSTRG.3441.1,114.4185836,-3.234839054,0.563285629,-5.742804162,9.31E-09,1.02E-07
gene-J2S48_RS06495,9456.162059,5.250269714,0.915226341,5.736580646,9.66E-09,1.05E-07
gene-J2S48_RS13405,3499.068836,-1.926204921,0.335848966,-5.7353308,9.73E-09,1.06E-07
gene-J2S48_RS17495,126.2246146,-2.524274301,0.440448621,-5.731143607,9.98E-09,1.08E-07
gene-J2S48_RS22680,439.8234076,1.919404888,0.335321225,5.724078117,1.04E-08,1.12E-07
MSTRG.3527.1,23.94814971,-5.87853691,1.027296945,-5.722334658,1.05E-08,1.13E-07
gene-J2S48_RS17775,1689.957999,2.141544746,0.374708857,5.715223179,1.10E-08,1.17E-07
MSTRG.1630.1,163.2721489,3.169225104,0.55487072,5.711645958,1.12E-08,1.19E-07
gene-J2S48_RS20140,429.9797884,-2.021207491,0.354789265,-5.696924033,1.22E-08,1.30E-07
gene-J2S48_RS03890,1427.630379,1.747440254,0.307139248,5.689407225,1.27E-08,1.35E-07
MSTRG.3128.1,706.5492693,1.587317027,0.27900371,5.689232681,1.28E-08,1.35E-07
gene-J2S48_RS22820,864.0702463,-1.81148819,0.318842751,-5.681446996,1.34E-08,1.41E-07
gene-J2S48_RS26610,97.72281201,-3.65349734,0.643977179,-5.67333356,1.40E-08,1.47E-07
gene-J2S48_RS14925,1503.521406,1.545580371,0.272911139,5.66330996,1.48E-08,1.56E-07
gene-J2S48_RS00590,1366.29356,-1.596141597,0.282129929,-5.657469963,1.54E-08,1.61E-07
gene-J2S48_RS14760,327.0464799,-2.717077244,0.48091239,-5.649838311,1.61E-08,1.67E-07
gene-J2S48_RS12975,17017.71817,1.763279391,0.312351363,5.645179115,1.65E-08,1.72E-07
gene-J2S48_RS25960,239.1273928,2.259831403,0.401349321,5.630584842,1.80E-08,1.86E-07
gene-J2S48_RS05645,1598.701886,-2.173665664,0.386764634,-5.620125193,1.91E-08,1.97E-07
rna-J2S48_RS13925,63.99324946,-4.220269481,0.751065417,-5.61904381,1.92E-08,1.98E-07
gene-J2S48_RS17265,2411.535801,2.292935514,0.408111963,5.618398192,1.93E-08,1.98E-07
gene-J2S48_RS11475,104.6204734,-3.041555052,0.541431442,-5.617618069,1.94E-08,1.98E-07
gene-J2S48_RS13615,12786.44329,-2.313130783,0.412056709,-5.613622424,1.98E-08,2.02E-07
MSTRG.2479.1,3215.080904,-3.116587862,0.555256922,-5.612875303,1.99E-08,2.03E-07
MSTRG.3176.1,8561.945853,-1.486776954,0.265143475,-5.607443109,2.05E-08,2.08E-07
gene-J2S48_RS18770,283.2861457,-2.181536039,0.389345155,-5.603090237,2.11E-08,2.13E-07
gene-J2S48_RS14415,1325.506839,-1.636665956,0.292572646,-5.594049815,2.22E-08,2.24E-07
gene-J2S48_RS25090,1534.971638,1.722241978,0.308548102,5.5817617,2.38E-08,2.40E-07
gene-J2S48_RS21495,547.7494433,2.771275151,0.49754286,5.569922462,2.55E-08,2.56E-07
MSTRG.142.1,106.2414252,-2.606893931,0.46845554,-5.564869467,2.62E-08,2.63E-07
gene-J2S48_RS02765,219.1891675,3.136850673,0.563738593,5.564370988,2.63E-08,2.63E-07
gene-J2S48_RS02470,1687.11761,2.212200227,0.398198534,5.555520767,2.77E-08,2.75E-07
MSTRG.2715.1,873.4950498,-1.938680995,0.34898492,-5.555199901,2.77E-08,2.75E-07
gene-J2S48_RS19755,166.7187265,-3.002784651,0.541890849,-5.541309019,3.00E-08,2.97E-07
MSTRG.2634.1,135.8318481,-3.107535487,0.56152251,-5.534124514,3.13E-08,3.09E-07
gene-J2S48_RS13670,4155.028329,-2.639411662,0.478192812,-5.519555281,3.40E-08,3.34E-07
gene-J2S48_RS07390,185.8532393,-2.339685136,0.424087022,-5.516993003,3.45E-08,3.38E-07
gene-J2S48_RS18645,1110.433667,1.769835397,0.321060711,5.51246334,3.54E-08,3.45E-07
gene-J2S48_RS20530,269.4354551,2.497534374,0.453057851,5.512616919,3.54E-08,3.45E-07
MSTRG.48.1,244.0704913,3.425967589,0.62174597,5.510236907,3.58E-08,3.49E-07
gene-J2S48_RS23945,2738.365366,1.396520032,0.253882652,5.500651653,3.78E-08,3.67E-07
gene-J2S48_RS02800,115.4843856,2.573456666,0.467895814,5.500063457,3.80E-08,3.67E-07
gene-J2S48_RS19925,1459.004515,-1.803864455,0.328189371,-5.49641339,3.88E-08,3.74E-07
gene-J2S48_RS00925,1990.748365,1.553568793,0.282702924,5.495411121,3.90E-08,3.75E-07
gene-J2S48_RS18325,123.5666028,2.675004531,0.487242357,5.490090281,4.02E-08,3.86E-07
gene-J2S48_RS12720,766.5935761,-1.794546014,0.327102968,-5.486180782,4.11E-08,3.93E-07
gene-J2S48_RS10255,1519.386154,1.815796191,0.331103393,5.484076056,4.16E-08,3.97E-07
gene-J2S48_RS18505,4519.148679,2.55702205,0.466564967,5.480527323,4.24E-08,4.04E-07
gene-J2S48_RS22815,102.3207439,2.77514352,0.5065201,5.47884185,4.28E-08,4.06E-07
gene-J2S48_RS25690,893.8574852,-1.750856256,0.3202851,-5.466555437,4.59E-08,4.34E-07
MSTRG.1489.1,20.20192422,5.710901712,1.050352274,5.437129859,5.41E-08,5.11E-07
gene-J2S48_RS12545,1824.168808,2.160495378,0.397403713,5.4365254,5.43E-08,5.12E-07
gene-J2S48_RS02480,402.858035,-3.069761014,0.56813665,-5.403208918,6.55E-08,6.15E-07
gene-J2S48_RS01560,253.6758534,-2.251692243,0.41715898,-5.39768374,6.75E-08,6.32E-07
gene-J2S48_RS14650,108.1329474,2.565976649,0.47547566,5.396651954,6.79E-08,6.33E-07
rna-J2S48_RS15810,128.1416861,-3.241357273,0.600649395,-5.396421437,6.80E-08,6.33E-07
gene-J2S48_RS17175,2221.958625,2.025444073,0.376621903,5.377924272,7.53E-08,7.00E-07
MSTRG.1917.1,177.3366211,-1.941923438,0.361414548,-5.37311917,7.74E-08,7.17E-07
gene-J2S48_RS09625,1739.652451,-2.134455218,0.398016676,-5.362728118,8.20E-08,7.58E-07
MSTRG.6.1,286.541828,2.440499716,0.455708724,5.35539389,8.54E-08,7.87E-07
MSTRG.411.1,94.56927673,-2.77065873,0.518014873,-5.348608454,8.86E-08,8.15E-07
gene-J2S48_RS07370,147.0075141,-2.745907081,0.514006862,-5.34216036,9.18E-08,8.42E-07
gene-J2S48_RS09730,188.0514213,-2.501683799,0.468523298,-5.339507792,9.32E-08,8.52E-07
gene-J2S48_RS18640,580.2266494,1.765224522,0.331253338,5.328925984,9.88E-08,9.01E-07
gene-J2S48_RS12420,347.7047621,2.11091906,0.396460053,5.324418038,1.01E-07,9.21E-07
gene-J2S48_RS24075,2361.371438,-2.476734556,0.465707407,-5.318220233,1.05E-07,9.51E-07
gene-J2S48_RS25710,616.2800974,2.750121392,0.517723051,5.311954695,1.08E-07,9.79E-07
gene-J2S48_RS00385,493.7400575,2.285131135,0.430183543,5.311991056,1.08E-07,9.79E-07
gene-J2S48_RS12750,2339.984466,-1.499719988,0.282505087,-5.30864773,1.10E-07,9.95E-07
gene-J2S48_RS11150,887.813326,-1.492557668,0.281573412,-5.300776304,1.15E-07,1.04E-06
gene-J2S48_RS06265,18.91714488,-5.545902951,1.046669259,-5.298620271,1.17E-07,1.05E-06
MSTRG.101.1,314.205843,-1.786324212,0.337244484,-5.296822615,1.18E-07,1.05E-06
gene-J2S48_RS00785,1106.984171,1.547894052,0.292268773,5.296132166,1.18E-07,1.05E-06
MSTRG.2271.1,7414.884932,1.634702589,0.308710159,5.295266585,1.19E-07,1.06E-06
gene-J2S48_RS13240,518.1395969,-2.78346309,0.52603495,-5.291403339,1.21E-07,1.08E-06
gene-J2S48_RS04790,1143.982089,-1.468117115,0.277533722,-5.289869298,1.22E-07,1.08E-06
gene-J2S48_RS25265,556.6089499,2.597400329,0.49274271,5.271311531,1.35E-07,1.20E-06
gene-J2S48_RS05150,407.3855478,1.921025014,0.365075949,5.261987311,1.43E-07,1.25E-06
gene-J2S48_RS09365,654.2249154,-1.472118574,0.280303994,-5.251864428,1.51E-07,1.32E-06
gene-J2S48_RS08325,3009.07825,-1.898597355,0.362337254,-5.239862411,1.61E-07,1.41E-06
gene-J2S48_RS19450,907.2093229,-1.921273637,0.367459436,-5.228532598,1.71E-07,1.49E-06
gene-J2S48_RS21365,332.1319599,-2.080731029,0.398752921,-5.218096017,1.81E-07,1.58E-06
gene-J2S48_RS01250,670.0989244,-1.544453134,0.296690827,-5.205597856,1.93E-07,1.68E-06
gene-J2S48_RS07920,520.4099795,1.952559562,0.375096653,5.205483834,1.93E-07,1.68E-06
gene-J2S48_RS11110,317.6884359,-2.159555342,0.415081408,-5.202727222,1.96E-07,1.70E-06
gene-J2S48_RS20910,700.0911658,1.575256255,0.302800918,5.202283612,1.97E-07,1.70E-06
rna-J2S48_RS15090,192.7206129,-2.600132252,0.500578601,-5.194253704,2.06E-07,1.77E-06
gene-J2S48_RS21730,148.403226,-2.609560189,0.502423826,-5.193941958,2.06E-07,1.77E-06
gene-J2S48_RS25965,167.6837592,2.772263615,0.534391595,5.187700632,2.13E-07,1.82E-06
gene-J2S48_RS18690,7128.781648,1.338048748,0.25796006,5.187038435,2.14E-07,1.83E-06
gene-J2S48_RS08125,728.7972721,1.95322478,0.376745044,5.184473724,2.17E-07,1.85E-06
gene-J2S48_RS16785,1968.006068,1.435725203,0.277410408,5.175455439,2.27E-07,1.93E-06
MSTRG.750.1,702.7404568,-3.217032426,0.622760724,-5.165759983,2.39E-07,2.03E-06
gene-J2S48_RS14170,909.9903745,1.763787789,0.342280375,5.153049708,2.56E-07,2.17E-06
MSTRG.1105.1,3255.19967,-1.609483613,0.312747424,-5.14627297,2.66E-07,2.24E-06
gene-J2S48_RS06690,124.8622007,-2.37095563,0.460849087,-5.144754963,2.68E-07,2.26E-06
gene-J2S48_RS24485,560.1711843,2.647115972,0.514875035,5.141278551,2.73E-07,2.29E-06
MSTRG.2482.1,656.6313318,1.749836319,0.340515702,5.138783057,2.77E-07,2.32E-06
gene-J2S48_RS08330,6753.544844,-2.050289149,0.39925304,-5.135312556,2.82E-07,2.35E-06
MSTRG.1538.1,241.4062639,-2.426752413,0.473500788,-5.125128559,2.97E-07,2.48E-06
rna-J2S48_RS06995,118.4040714,-3.722952955,0.727889769,-5.114720821,3.14E-07,2.61E-06
gene-J2S48_RS04555,7566.608751,-2.144653679,0.419446547,-5.11305599,3.17E-07,2.63E-06
gene-J2S48_RS14790,828.4528248,1.522042068,0.298175702,5.104514082,3.32E-07,2.75E-06
gene-J2S48_RS10385,6147.273711,2.396803419,0.469931641,5.100323554,3.39E-07,2.80E-06
MSTRG.2142.2,4179.785622,-2.225878206,0.436922299,-5.094448623,3.50E-07,2.88E-06
gene-J2S48_RS22805,321.5754228,2.244559143,0.440742782,5.092673625,3.53E-07,2.90E-06
gene-J2S48_RS20775,373.7118014,2.0848115,0.410084319,5.083860572,3.70E-07,3.03E-06
gene-J2S48_RS19865,2558.616755,-1.687587275,0.332197675,-5.080069496,3.77E-07,3.09E-06
MSTRG.2560.1,340.1323021,-1.942091726,0.382486866,-5.077538336,3.82E-07,3.11E-06
MSTRG.3379.1,1231.875773,-1.77923623,0.350384973,-5.077946742,3.82E-07,3.11E-06
gene-J2S48_RS26380,344.4705104,-3.028713028,0.5966233,-5.076424318,3.85E-07,3.13E-06
rna-J2S48_RS16870,59.05070937,-3.999005113,0.788585089,-5.071114292,3.95E-07,3.21E-06
MSTRG.2911.1,371.3590435,1.861399434,0.367671311,5.062672492,4.13E-07,3.34E-06
gene-J2S48_RS14765,53.02488096,-3.932862761,0.777196069,-5.060322511,4.19E-07,3.37E-06
MSTRG.2126.1,372.6420885,-1.847666721,0.365159451,-5.059890179,4.19E-07,3.37E-06
MSTRG.3155.1,1028.396512,1.584264286,0.313077053,5.060301516,4.19E-07,3.37E-06
MSTRG.492.1,212.9902686,-2.183191535,0.431921748,-5.054599699,4.31E-07,3.46E-06
gene-J2S48_RS04310,188.7985313,1.963429033,0.389230813,5.044382321,4.55E-07,3.64E-06
gene-J2S48_RS08880,1686.013522,1.812529894,0.359832958,5.037142517,4.73E-07,3.77E-06
gene-J2S48_RS15475,4114.942281,1.719102652,0.3413466,5.036237808,4.75E-07,3.78E-06
gene-J2S48_RS14055,270.1905056,-2.348416035,0.466701606,-5.031943337,4.86E-07,3.86E-06
MSTRG.2499.1,642.7541533,-2.065371901,0.410556424,-5.030665161,4.89E-07,3.87E-06
gene-J2S48_RS20480,1297.236922,-1.671273178,0.332429813,-5.027446732,4.97E-07,3.93E-06
gene-J2S48_RS00975,570.3413965,1.968859383,0.391661783,5.026937705,4.98E-07,3.93E-06
gene-J2S48_RS07115,236.9663726,-1.784929439,0.355391452,-5.022432107,5.10E-07,4.02E-06
gene-J2S48_RS25515,571.5283399,-2.970814907,0.59155502,-5.02204327,5.11E-07,4.02E-06
gene-J2S48_RS19870,3437.102798,-2.140108535,0.426631884,-5.016288316,5.27E-07,4.13E-06
gene-J2S48_RS17085,656.4775198,1.791023168,0.357226029,5.013697277,5.34E-07,4.17E-06
gene-J2S48_RS19770,516.1186489,-1.608782042,0.321114905,-5.009988685,5.44E-07,4.25E-06
gene-J2S48_RS12175,490.9282759,1.718504026,0.343146488,5.008076971,5.50E-07,4.28E-06
MSTRG.1361.1,1439.642608,-2.732234117,0.546965941,-4.995254571,5.88E-07,4.56E-06
gene-J2S48_RS15305,449.4403618,2.00855672,0.402726665,4.987394409,6.12E-07,4.74E-06
rna-J2S48_RS19440,447.0089157,-2.972785583,0.59904848,-4.962512522,6.96E-07,5.38E-06
gene-J2S48_RS20375,2946.497381,2.062845324,0.41572197,4.962079162,6.97E-07,5.38E-06
gene-J2S48_RS13895,337.5312573,-1.971104762,0.39770568,-4.956189618,7.19E-07,5.53E-06
gene-J2S48_RS12135,672.29487,-1.469754807,0.297299031,-4.943691892,7.67E-07,5.89E-06
gene-J2S48_RS05005,7064.377916,1.660019354,0.336059261,4.939662579,7.83E-07,6.00E-06
gene-J2S48_RS21475,207.9093482,-2.172233306,0.440836197,-4.927529369,8.33E-07,6.37E-06
gene-J2S48_RS13710,228.6736387,-1.831106309,0.37235519,-4.917633366,8.76E-07,6.69E-06
gene-J2S48_RS18935,1875.356282,-1.640056687,0.333698239,-4.914789754,8.89E-07,6.77E-06
gene-J2S48_RS09065,270.9952192,-2.078607649,0.423401441,-4.909306972,9.14E-07,6.95E-06
gene-J2S48_RS22285,620.854181,-2.178920888,0.443933464,-4.908215002,9.19E-07,6.97E-06
gene-J2S48_RS15275,46.91609961,3.903245985,0.796130323,4.902772666,9.45E-07,7.15E-06
gene-J2S48_RS12120,693.7995569,2.378489227,0.485926859,4.894747396,9.84E-07,7.42E-06
gene-J2S48_RS13065,733.7595676,1.593065573,0.325444181,4.895050112,9.83E-07,7.42E-06
gene-J2S48_RS20285,61.104732,2.484692913,0.509633263,4.875452787,1.09E-06,8.16E-06
gene-J2S48_RS00740,279.1983821,1.994882605,0.409727867,4.868798947,1.12E-06,8.42E-06
gene-J2S48_RS01625,1354.113607,-1.620887169,0.332965684,-4.868030686,1.13E-06,8.44E-06
gene-J2S48_RS05060,1074.669416,1.448537685,0.297631413,4.866884407,1.13E-06,8.47E-06
gene-J2S48_RS19940,96.0210202,3.030764974,0.622949136,4.865188506,1.14E-06,8.52E-06
gene-J2S48_RS19320,141.6219029,-2.180421916,0.448425292,-4.862397274,1.16E-06,8.63E-06
gene-J2S48_RS14910,662.0177198,1.533358945,0.315695471,4.857082494,1.19E-06,8.84E-06
gene-J2S48_RS15510,382.8408205,1.454776612,0.300041269,4.848588379,1.24E-06,9.21E-06
gene-J2S48_RS13050,935.1608021,2.00894069,0.414770138,4.843503675,1.28E-06,9.43E-06
gene-J2S48_RS03905,3138.895762,1.383896202,0.285885255,4.840740051,1.29E-06,9.52E-06
gene-J2S48_RS19775,3981.391215,-1.276032276,0.263597781,-4.84083087,1.29E-06,9.52E-06
gene-J2S48_RS07450,276.5838576,1.879177167,0.388250072,4.840120594,1.30E-06,9.53E-06
gene-J2S48_RS16885,324.3823201,-1.886973825,0.390043271,-4.837857661,1.31E-06,9.62E-06
gene-J2S48_RS03900,644.1831634,2.135843827,0.441580272,4.836818948,1.32E-06,9.65E-06
MSTRG.559.1,68.94505049,2.530783161,0.524107397,4.828749172,1.37E-06,1.00E-05
gene-J2S48_RS21530,1632.085109,-2.366745473,0.490354461,-4.826601287,1.39E-06,1.01E-05
gene-J2S48_RS21885,2235.879125,1.638510056,0.339546348,4.825585861,1.40E-06,1.01E-05
MSTRG.152.1,100.5782843,-2.316945789,0.480813216,-4.818806369,1.44E-06,1.05E-05
gene-J2S48_RS01805,115.2314825,-2.297042148,0.476642533,-4.819213537,1.44E-06,1.05E-05
gene-J2S48_RS05010,19795.4316,-1.852842827,0.38467554,-4.81663801,1.46E-06,1.05E-05
gene-J2S48_RS21950,1307.875363,-1.397091647,0.290143964,-4.815167017,1.47E-06,1.06E-05
gene-J2S48_RS13400,2127.892277,-1.373637473,0.285808622,-4.80614427,1.54E-06,1.11E-05
MSTRG.50.1,41427.14512,4.319891457,0.899499016,4.802552734,1.57E-06,1.12E-05
gene-J2S48_RS15300,141.6254858,3.372184038,0.702728539,4.798700851,1.60E-06,1.14E-05
gene-J2S48_RS21785,629.5060728,-1.522678173,0.317938589,-4.789221024,1.67E-06,1.20E-05
gene-J2S48_RS17565,2807.336246,1.333535744,0.279193958,4.776377519,1.78E-06,1.27E-05
gene-J2S48_RS17770,2348.362385,1.695420959,0.354968787,4.776253632,1.79E-06,1.27E-05
MSTRG.168.1,91.13224136,-2.617973684,0.548545081,-4.772577084,1.82E-06,1.29E-05
gene-J2S48_RS25640,444.956361,-2.220356684,0.465238986,-4.772507787,1.82E-06,1.29E-05
MSTRG.3171.1,1933.16542,-1.67860703,0.351842717,-4.770901738,1.83E-06,1.30E-05
gene-J2S48_RS00675,402.768359,3.183415883,0.667773522,4.767208909,1.87E-06,1.32E-05
gene-J2S48_RS24840,231.5109695,-1.593529246,0.334330006,-4.766336302,1.88E-06,1.32E-05
gene-J2S48_RS16925,632.1610406,1.910659769,0.401284934,4.761354352,1.92E-06,1.35E-05
gene-J2S48_RS24725,3664.829339,-1.366928948,0.28707327,-4.761603019,1.92E-06,1.35E-05
gene-J2S48_RS11525,1049.834581,-1.680065569,0.353142997,-4.757465345,1.96E-06,1.37E-05
gene-J2S48_RS26130,303.1047095,-1.704117015,0.358213861,-4.757261514,1.96E-06,1.37E-05
gene-J2S48_RS17110,537.7895624,1.733328229,0.364457541,4.755912651,1.98E-06,1.38E-05
gene-J2S48_RS22825,54.92318871,-2.752978621,0.579007297,-4.75465272,1.99E-06,1.38E-05
gene-J2S48_RS13600,338.7495938,-1.568907504,0.330501078,-4.747057141,2.06E-06,1.43E-05
gene-J2S48_RS06890,197.2200295,1.80482606,0.380408279,4.744444748,2.09E-06,1.45E-05
gene-J2S48_RS04840,4327.772222,-2.010609223,0.42388159,-4.743327542,2.10E-06,1.46E-05
gene-J2S48_RS19295,376.800865,-2.126821561,0.449119629,-4.735534645,2.18E-06,1.51E-05
gene-J2S48_RS04585,979.1660767,-1.455050204,0.307483907,-4.732118237,2.22E-06,1.53E-05
gene-J2S48_RS21660,96.47363011,2.329474134,0.49259712,4.728964175,2.26E-06,1.55E-05
gene-J2S48_RS07595,42.81248162,3.299752511,0.697855222,4.728419889,2.26E-06,1.55E-05
gene-J2S48_RS12455,144.2129025,2.177109704,0.461963828,4.712727644,2.44E-06,1.68E-05
gene-J2S48_RS20700,1284.219872,1.599492867,0.340493722,4.69756933,2.63E-06,1.80E-05
gene-J2S48_RS06110,199.9222985,-2.343014365,0.499295912,-4.692636784,2.70E-06,1.84E-05
gene-J2S48_RS06685,4993.949854,1.471101395,0.31415718,4.682692253,2.83E-06,1.93E-05
MSTRG.3174.1,284.6221283,-1.536369149,0.328904975,-4.67116422,2.99E-06,2.04E-05
MSTRG.1169.1,1016.645174,-1.457327138,0.312552571,-4.662662449,3.12E-06,2.12E-05
gene-J2S48_RS19075,79.55233446,-2.756723563,0.591502134,-4.660547117,3.15E-06,2.14E-05
gene-J2S48_RS05190,1827.961663,1.791781076,0.384715765,4.657415259,3.20E-06,2.17E-05
gene-J2S48_RS00945,494.3161598,1.50107696,0.322828456,4.649766568,3.32E-06,2.24E-05
gene-J2S48_RS16770,5561.935912,-1.868153855,0.402013025,-4.64699833,3.37E-06,2.27E-05
gene-J2S48_RS17010,100.5741446,2.311384106,0.497595364,4.6451078,3.40E-06,2.29E-05
gene-J2S48_RS08435,1276.661406,-1.34608248,0.289910112,-4.6431029,3.43E-06,2.30E-05
gene-J2S48_RS18950,195.1978275,-1.930126204,0.415714613,-4.642911607,3.44E-06,2.30E-05
gene-J2S48_RS10435,1646.236639,2.219967276,0.478897348,4.63558064,3.56E-06,2.38E-05
gene-J2S48_RS09095,435.2344731,-1.614882468,0.348586646,-4.632657292,3.61E-06,2.41E-05
MSTRG.3531.1,5192.629187,2.433341301,0.525655331,4.629157466,3.67E-06,2.45E-05
gene-J2S48_RS24865,166.760733,2.797227509,0.604350575,4.628484899,3.68E-06,2.45E-05
gene-J2S48_RS00685,159.2050421,2.986583187,0.645536327,4.626514512,3.72E-06,2.46E-05
gene-J2S48_RS07970,3905.271678,1.60788124,0.347541695,4.626441272,3.72E-06,2.46E-05
gene-J2S48_RS17975,1540.006586,-1.700600908,0.367995721,-4.621251856,3.81E-06,2.52E-05
gene-J2S48_RS19465,1717.51782,-1.267754556,0.27452174,-4.618047943,3.87E-06,2.56E-05
gene-J2S48_RS21945,727.9290929,1.503483036,0.325707901,4.616047178,3.91E-06,2.58E-05
gene-J2S48_RS14445,916.8293788,-1.508324177,0.327548721,-4.60488495,4.13E-06,2.71E-05
gene-J2S48_RS15760,1478.982267,-1.538157973,0.33407364,-4.604248246,4.14E-06,2.71E-05
MSTRG.2697.1,131.0329036,-2.27237127,0.493528238,-4.604338909,4.14E-06,2.71E-05
gene-J2S48_RS19395,101.3417496,2.490999862,0.541141184,4.603234674,4.16E-06,2.72E-05
gene-J2S48_RS04405,44607.51558,-1.618216829,0.351653485,-4.601736926,4.19E-06,2.73E-05
gene-J2S48_RS18370,8874.485378,2.203918343,0.479155251,4.599591339,4.23E-06,2.76E-05
gene-J2S48_RS02040,1062.350187,1.383841049,0.300931356,4.598527273,4.25E-06,2.77E-05
gene-J2S48_RS20720,338.5872229,1.458980402,0.317759488,4.591461327,4.40E-06,2.86E-05
gene-J2S48_RS17180,333.7946709,1.587533516,0.34586632,4.590020554,4.43E-06,2.87E-05
gene-J2S48_RS22355,173.2279729,2.151343859,0.469166928,4.58545505,4.53E-06,2.93E-05
gene-J2S48_RS04775,1200.622778,-1.713982697,0.374390557,-4.578060701,4.69E-06,3.03E-05
MSTRG.33.1,642.8670298,-1.60559425,0.351059808,-4.573563284,4.79E-06,3.09E-05
gene-J2S48_RS15955,124.8723008,2.131825263,0.466318847,4.571604336,4.84E-06,3.11E-05
gene-J2S48_RS10400,8106.602586,2.277676501,0.498552022,4.568583415,4.91E-06,3.15E-05
gene-J2S48_RS18925,673.8576155,-1.419321376,0.311168755,-4.561259299,5.08E-06,3.26E-05
gene-J2S48_RS05705,629.839256,-1.607153647,0.352612216,-4.557850164,5.17E-06,3.30E-05
gene-J2S48_RS23975,205.6026908,-2.397508455,0.527462921,-4.545359224,5.48E-06,3.50E-05
gene-J2S48_RS13285,259.9683477,-1.857301509,0.408654979,-4.54491345,5.50E-06,3.50E-05
gene-J2S48_RS15460,359.8154531,1.718338157,0.378306969,4.542179492,5.57E-06,3.54E-05
MSTRG.3198.1,63.91889078,2.499710558,0.550543099,4.540444815,5.61E-06,3.56E-05
gene-J2S48_RS05640,471.3441082,-1.822708363,0.402125661,-4.532683535,5.82E-06,3.69E-05
gene-J2S48_RS05135,252.8237632,-1.70089999,0.375421793,-4.530637331,5.88E-06,3.72E-05
gene-J2S48_RS04700,160.1423846,1.882986814,0.416102263,4.52529818,6.03E-06,3.81E-05
gene-J2S48_RS11635,594.9616517,-1.875373637,0.414569923,-4.523660619,6.08E-06,3.83E-05
rna-J2S48_RS08400,29.30633582,-4.438966823,0.982042964,-4.520135051,6.18E-06,3.89E-05
gene-J2S48_RS13850,384.1427402,-1.5935966,0.353239061,-4.511382728,6.44E-06,4.04E-05
gene-J2S48_RS03960,256.0159565,1.580005392,0.35036039,4.509657588,6.49E-06,4.05E-05
gene-J2S48_RS06820,11.50706565,4.927366905,1.092541967,4.510002409,6.48E-06,4.05E-05
gene-J2S48_RS10460,12447.66828,1.904310782,0.422301298,4.50936521,6.50E-06,4.05E-05
gene-J2S48_RS13035,560.1978509,1.686071986,0.37384447,4.510089408,6.48E-06,4.05E-05
gene-J2S48_RS13090,212.8254679,1.795834648,0.398324144,4.508475507,6.53E-06,4.06E-05
MSTRG.146.1,4255.284905,-1.847475546,0.409895019,-4.507191987,6.57E-06,4.08E-05
gene-J2S48_RS10345,2066.255496,2.25029789,0.499546025,4.504685812,6.65E-06,4.12E-05
gene-J2S48_RS17630,141.564691,2.009857932,0.447003737,4.496288877,6.91E-06,4.28E-05
gene-J2S48_RS10565,883.3987092,-1.736059486,0.386276035,-4.494349456,6.98E-06,4.31E-05
gene-J2S48_RS12735,111.8863196,1.988771491,0.443044989,4.488870296,7.16E-06,4.42E-05
gene-J2S48_RS07430,1542.156383,-1.315986151,0.293225673,-4.487963618,7.19E-06,4.42E-05
gene-J2S48_RS21860,1109.403988,1.910667573,0.425710114,4.488189288,7.18E-06,4.42E-05
MSTRG.161.1,5347.962973,-1.552863443,0.34623936,-4.484941986,7.29E-06,4.47E-05
gene-J2S48_RS15540,87.65929783,-2.917709084,0.651110112,-4.481130042,7.42E-06,4.55E-05
gene-J2S48_RS18845,73.6603979,2.604798553,0.581341427,4.480669075,7.44E-06,4.55E-05
MSTRG.127.1,107.5709145,2.106816091,0.471467622,4.468633671,7.87E-06,4.80E-05
gene-J2S48_RS04855,192.62518,2.104515606,0.471922412,4.459452552,8.22E-06,5.01E-05
gene-J2S48_RS07790,287.0461095,-2.13751159,0.479639448,-4.456496646,8.33E-06,5.07E-05
gene-J2S48_RS13385,3049.096649,1.711344445,0.384071323,4.455798548,8.36E-06,5.07E-05
gene-J2S48_RS12150,516.2762632,-1.401122517,0.315511233,-4.440800735,8.96E-06,5.43E-05
gene-J2S48_RS21040,563.7463218,1.526790055,0.344042049,4.437800728,9.09E-06,5.50E-05
gene-J2S48_RS10590,81.55558964,-2.184308951,0.493882607,-4.422729044,9.75E-06,5.89E-05
gene-J2S48_RS04720,34.96628041,3.303757383,0.747398877,4.420340311,9.85E-06,5.94E-05
gene-J2S48_RS22045,6080.431315,1.85397138,0.420202631,4.412088941,1.02E-05,6.16E-05
gene-J2S48_RS10415,2285.667004,2.304632441,0.522971188,4.406805752,1.05E-05,6.30E-05
MSTRG.792.1,698.4640608,-1.44628211,0.328268201,-4.405794127,1.05E-05,6.32E-05
gene-J2S48_RS07900,218.4532036,1.620513139,0.367866304,4.405168734,1.06E-05,6.33E-05
gene-J2S48_RS07180,352.8143572,1.813274541,0.411795527,4.403337141,1.07E-05,6.37E-05
gene-J2S48_RS15045,985.3259586,1.621258452,0.370025124,4.381482088,1.18E-05,7.03E-05
gene-J2S48_RS17780,190.6909447,2.161867689,0.493575106,4.380017673,1.19E-05,7.07E-05
MSTRG.3457.1,186.2605387,-1.986303587,0.453838894,-4.376671136,1.21E-05,7.17E-05
gene-J2S48_RS09860,373.3521609,1.472305027,0.337282363,4.365200161,1.27E-05,7.54E-05
gene-J2S48_RS17940,100.8781749,2.073537454,0.477542851,4.342097156,1.41E-05,8.37E-05
MSTRG.2309.1,873.1711523,-1.21781616,0.281000584,-4.333856336,1.47E-05,8.67E-05
gene-J2S48_RS24590,893.7339769,1.437592888,0.331936261,4.330930537,1.48E-05,8.77E-05
gene-J2S48_RS08485,594.5432029,1.475903958,0.34091693,4.329218729,1.50E-05,8.82E-05
gene-J2S48_RS14960,142.814483,-1.725565778,0.39874555,-4.327485984,1.51E-05,8.88E-05
gene-J2S48_RS20350,1690.4368,-1.439708461,0.332733084,-4.326917069,1.51E-05,8.89E-05
gene-J2S48_RS17070,206.6238322,1.673477044,0.387019637,4.324010683,1.53E-05,8.99E-05
gene-J2S48_RS12580,655.8902357,2.036039636,0.471276361,4.32026684,1.56E-05,9.13E-05
gene-J2S48_RS21745,998.4416304,-1.687634589,0.390684571,-4.319685784,1.56E-05,9.14E-05
gene-J2S48_RS18130,168.2834386,1.832312155,0.424444865,4.316961529,1.58E-05,9.24E-05
gene-J2S48_RS02520,86.16594569,3.086091626,0.71569921,4.311995297,1.62E-05,9.43E-05
gene-J2S48_RS16735,339.1411109,-1.774150443,0.411751518,-4.308789074,1.64E-05,9.55E-05
gene-J2S48_RS00710,119.0500071,-2.416267522,0.56093337,-4.307583844,1.65E-05,9.59E-05
gene-J2S48_RS26365,177.6398304,-1.695836951,0.393803466,-4.306302758,1.66E-05,9.63E-05
MSTRG.2785.1,537.0886158,-4.129305409,0.959100566,-4.305393567,1.67E-05,9.65E-05
gene-J2S48_RS00380,1094.632673,-1.294865693,0.30092908,-4.302893204,1.69E-05,9.74E-05
gene-J2S48_RS00255,111.0511112,2.135258111,0.496448643,4.301065459,1.70E-05,9.81E-05
gene-J2S48_RS03895,5817.129041,1.640888893,0.381608299,4.299929795,1.71E-05,9.84E-05
gene-J2S48_RS09370,940.3287887,1.268283509,0.295137191,4.297267672,1.73E-05,9.95E-05
MSTRG.644.1,3656.603868,-1.374220653,0.32078772,-4.283894205,1.84E-05,0.000105463
MSTRG.2480.1,1674.249941,-2.655911144,0.620605438,-4.279548615,1.87E-05,0.000107368
gene-J2S48_RS16260,1226.728033,-1.339431764,0.313447289,-4.2732281,1.93E-05,0.000110278
MSTRG.3016.1,226.1056174,-2.16767031,0.507440241,-4.271774559,1.94E-05,0.000110818
gene-J2S48_RS17490,3740.129109,1.548845185,0.36274208,4.269824955,1.96E-05,0.000111609
gene-J2S48_RS04880,86.60276279,-2.613861209,0.613780365,-4.258626311,2.06E-05,0.000117158
gene-J2S48_RS05555,109.655927,2.611078863,0.613365613,4.256969753,2.07E-05,0.000117837
MSTRG.1517.1,58.30135381,-2.572186502,0.605551486,-4.247675982,2.16E-05,0.000122435
gene-J2S48_RS16190,340.7892419,-2.092324925,0.492557878,-4.247876279,2.16E-05,0.000122435
gene-J2S48_RS24295,271.5884671,1.611781295,0.379749655,4.244325899,2.19E-05,0.000124077
gene-J2S48_RS04515,9826.272223,-1.861847358,0.439188038,-4.239294325,2.24E-05,0.000126686
gene-J2S48_RS22250,630.1535563,-1.226118436,0.289481686,-4.235564791,2.28E-05,0.0001286
MSTRG.51.1,11399.74816,-1.172638717,0.277005753,-4.233264844,2.30E-05,0.000129714
gene-J2S48_RS05905,65.84065354,2.054684224,0.485479223,4.232280449,2.31E-05,0.000130074
gene-J2S48_RS11010,355.4675128,-1.526558208,0.361353571,-4.224555475,2.39E-05,0.000134401
gene-J2S48_RS22365,86.68712469,1.928781856,0.456942358,4.221061631,2.43E-05,0.000136283
gene-J2S48_RS03910,5269.865541,1.270747558,0.301214663,4.218744014,2.46E-05,0.000137471
gene-J2S48_RS22330,15.5557342,-4.389455582,1.04180157,-4.213331701,2.52E-05,0.000140584
gene-J2S48_RS13105,54.24179711,-2.895226891,0.688817575,-4.203183831,2.63E-05,0.000146806
gene-J2S48_RS18335,136.4072103,1.985875583,0.472647482,4.201599838,2.65E-05,0.000147602
gene-J2S48_RS21215,524.6403334,1.650439269,0.392895014,4.200713197,2.66E-05,0.000147946
gene-J2S48_RS14425,611.4199407,-1.207491481,0.287676754,-4.197389824,2.70E-05,0.000149896
gene-J2S48_RS18790,407.2858508,1.605593691,0.382922706,4.192996822,2.75E-05,0.000152587
MSTRG.100.1,286.110789,-1.712642838,0.40881709,-4.189264291,2.80E-05,0.000154874
gene-J2S48_RS08515,343.8161191,1.385364667,0.330967225,4.185806212,2.84E-05,0.000156756
gene-J2S48_RS21540,145.1263436,1.725748749,0.412267537,4.185992333,2.84E-05,0.000156756
gene-J2S48_RS26395,66.12723913,2.197466964,0.525238655,4.183749505,2.87E-05,0.000157932
gene-J2S48_RS02125,124.800596,-2.00057219,0.479017026,-4.176411447,2.96E-05,0.000162856
gene-J2S48_RS22795,317.8404663,1.775047201,0.425068021,4.175913295,2.97E-05,0.000162957
gene-J2S48_RS04260,379.8438658,-1.665552308,0.399644677,-4.167582861,3.08E-05,0.000168762
gene-J2S48_RS24510,583.1047824,-1.858320953,0.446015927,-4.166490119,3.09E-05,0.000169307
gene-J2S48_RS23150,400.7786887,-1.642184653,0.394561392,-4.162051038,3.15E-05,0.000172364
gene-J2S48_RS21110,93.68906601,2.250425551,0.54111547,4.158863817,3.20E-05,0.000174514
rna-J2S48_RS17355,68.06346064,-2.620160405,0.630244777,-4.157369489,3.22E-05,0.000175114
MSTRG.2944.1,27.13593001,3.172937877,0.763199081,4.157418368,3.22E-05,0.000175114
gene-J2S48_RS13060,480.6787387,1.716844961,0.413297407,4.154018219,3.27E-05,0.000177424
gene-J2S48_RS18570,281.5923075,2.169763885,0.522592575,4.151922532,3.30E-05,0.00017878
gene-J2S48_RS15600,96.05397725,-2.336874578,0.563564853,-4.146593893,3.37E-05,0.000182707
gene-J2S48_RS00670,116.0240466,2.123200361,0.512358478,4.14397429,3.41E-05,0.000184523
MSTRG.1171.1,132.2867451,4.726125351,1.140672439,4.143280042,3.42E-05,0.000184797
gene-J2S48_RS01755,20.15931314,3.51789942,0.849680229,4.140262772,3.47E-05,0.00018671
gene-J2S48_RS16385,851.6867238,1.197067456,0.289131842,4.140213163,3.47E-05,0.00018671
MSTRG.3252.1,147.5724684,2.294156934,0.554256811,4.139158761,3.49E-05,0.000187282
gene-J2S48_RS10425,31206.39929,1.941850963,0.469454556,4.136398166,3.53E-05,0.000189205
gene-J2S48_RS17360,1210.156852,1.304808403,0.315467381,4.136111943,3.53E-05,0.000189205
gene-J2S48_RS01885,1349.049234,1.6447492,0.397905333,4.133518861,3.57E-05,0.00019077
gene-J2S48_RS13150,526.8269294,1.301304129,0.314805263,4.133679712,3.57E-05,0.00019077
gene-J2S48_RS18745,1144.409246,1.879039433,0.454753679,4.131993914,3.60E-05,0.000191748
gene-J2S48_RS08430,818.7153831,-1.324437914,0.320594006,-4.131199863,3.61E-05,0.000192119
gene-J2S48_RS10470,598.660327,-1.22731611,0.297542415,-4.124844221,3.71E-05,0.000197202
MSTRG.3010.1,75.21823363,2.002298734,0.487448924,4.107709829,4.00E-05,0.000212092
MSTRG.1128.1,10311.24584,-1.321460187,0.321819098,-4.106220524,4.02E-05,0.00021314
rna-J2S48_RS24230,678.2390197,-4.580630191,1.117404509,-4.099348225,4.14E-05,0.000219237
gene-J2S48_RS00870,190.1018259,-1.671212171,0.407952369,-4.09658651,4.19E-05,0.000221533
gene-J2S48_RS06905,1223.194527,1.311144481,0.320267336,4.093906354,4.24E-05,0.000223743
gene-J2S48_RS13230,112.0214188,-1.688430398,0.412457237,-4.09358898,4.25E-05,0.000223743
gene-J2S48_RS16665,1074.03949,1.485905809,0.363094469,4.092339423,4.27E-05,0.000224614
MSTRG.2326.1,57.02727575,2.872884688,0.702652898,4.088625688,4.34E-05,0.000227898
gene-J2S48_RS17095,1137.696796,1.771510137,0.433439304,4.087100828,4.37E-05,0.000229057
gene-J2S48_RS10495,1723.260877,1.792798792,0.439677564,4.077530757,4.55E-05,0.000238332
gene-J2S48_RS22485,392.061343,1.976480213,0.484834149,4.076610979,4.57E-05,0.00023892
gene-J2S48_RS14770,39.91452522,-2.712225997,0.665619746,-4.074737884,4.61E-05,0.000240492
gene-J2S48_RS20610,118.2588447,-2.136523649,0.524636414,-4.072389171,4.65E-05,0.000242569
gene-J2S48_RS18305,271.9518177,1.642000264,0.403343385,4.070973575,4.68E-05,0.000243685
gene-J2S48_RS21025,286.8823178,1.399952238,0.344206484,4.0671873,4.76E-05,0.00024731
gene-J2S48_RS04810,355.4237458,1.645489299,0.405228152,4.060649024,4.89E-05,0.000253587
gene-J2S48_RS14510,12301.68222,-1.456524436,0.358675945,-4.060836685,4.89E-05,0.000253587
gene-J2S48_RS01405,801.3101036,1.519487556,0.374503817,4.057335298,4.96E-05,0.000256452
MSTRG.2325.1,41.39795409,2.886601264,0.711405277,4.057604515,4.96E-05,0.000256452
gene-J2S48_RS17900,381.9151384,1.276974734,0.314827076,4.056114704,4.99E-05,0.000257071
gene-J2S48_RS20410,327.600022,1.360462919,0.335412988,4.056083005,4.99E-05,0.000257071
MSTRG.2752.1,112.660614,-2.23152583,0.550561582,-4.053181154,5.05E-05,0.0002599
gene-J2S48_RS00205,463.1299579,1.510904602,0.373237644,4.048103466,5.16E-05,0.000265213
gene-J2S48_RS00520,221.7894461,1.436710171,0.355426572,4.042213729,5.29E-05,0.000271567
MSTRG.69.1,988.6407851,-1.312127092,0.324959778,-4.037813854,5.40E-05,0.000275336
gene-J2S48_RS07005,45.44985417,2.629507579,0.651253329,4.037610962,5.40E-05,0.000275336
gene-J2S48_RS21030,515.4591179,-1.776451987,0.439946712,-4.037879906,5.39E-05,0.000275336
gene-J2S48_RS25380,174.8423543,2.169502106,0.537234572,4.038277165,5.38E-05,0.000275336
gene-J2S48_RS11495,292.1805897,1.564887381,0.387671978,4.03662754,5.42E-05,0.000276091
gene-J2S48_RS13870,2042.180579,-2.285232622,0.566184375,-4.036198674,5.43E-05,0.000276194
gene-J2S48_RS10975,159.5506023,1.691810182,0.419242151,4.035400971,5.45E-05,0.000276733
gene-J2S48_RS14635,605.2185214,1.177993754,0.292495134,4.027396068,5.64E-05,0.000285908
gene-J2S48_RS16805,1157.036054,-1.202335152,0.29863406,-4.026115277,5.67E-05,0.000287053
gene-J2S48_RS17435,177.9986514,1.664274145,0.413541244,4.024445369,5.71E-05,0.00028868
MSTRG.2820.1,754.3364489,1.438517707,0.357659314,4.022033398,5.77E-05,0.000291233
MSTRG.1613.1,177.3095975,-2.202762975,0.547757223,-4.021422049,5.78E-05,0.00029157
gene-J2S48_RS24900,5017.360069,1.097835813,0.273062425,4.020457274,5.81E-05,0.000292346
gene-J2S48_RS18805,406.7108122,-1.328946934,0.331224239,-4.012227294,6.01E-05,0.000302296
gene-J2S48_RS21505,58.42592653,-3.098059766,0.77241601,-4.010869436,6.05E-05,0.000303605
gene-J2S48_RS10455,3844.29011,1.603189039,0.399835541,4.009621141,6.08E-05,0.000304777
gene-J2S48_RS11315,406.3684026,-1.325423762,0.331198199,-4.001905098,6.28E-05,0.000314442
gene-J2S48_RS00660,537.8866198,1.22320432,0.305799841,4.000016214,6.33E-05,0.000316313
gene-J2S48_RS14590,1658.349131,-1.367406472,0.341866498,-3.999825896,6.34E-05,0.000316313
gene-J2S48_RS21665,363.4667712,1.356001842,0.3394879,3.994256771,6.49E-05,0.00032338
gene-J2S48_RS12990,2036.47252,-1.247908733,0.31263141,-3.991629421,6.56E-05,0.00032652
gene-J2S48_RS14990,907.3942198,2.402049962,0.602649805,3.985813887,6.72E-05,0.000334147
MSTRG.843.1,1956.966239,-2.048726989,0.514514339,-3.981865677,6.84E-05,0.000339267
MSTRG.1272.1,123.3085093,-1.784753424,0.448855004,-3.976235993,7.00E-05,0.000346904
gene-J2S48_RS16915,3226.196416,1.306829314,0.328994709,3.97218946,7.12E-05,0.000352354
gene-J2S48_RS05330,441.8343661,2.213121274,0.557891582,3.966937922,7.28E-05,0.000359697
MSTRG.3088.1,77.61682526,-1.809746936,0.456293029,-3.966194578,7.30E-05,0.000360312
gene-J2S48_RS15930,559.2592946,1.270006798,0.3205742,3.961662534,7.44E-05,0.000366705
gene-J2S48_RS14830,259.8270236,-1.461431603,0.369291137,-3.957396905,7.58E-05,0.000372789
gene-J2S48_RS13045,563.6284724,1.497010975,0.378546798,3.95462591,7.67E-05,0.000376607
gene-J2S48_RS23965,223.5626518,-1.874941086,0.474615213,-3.950444561,7.80E-05,0.000382711
gene-J2S48_RS01395,605.0470881,1.504584841,0.380983462,3.949212999,7.84E-05,0.000384147
gene-J2S48_RS18155,697.7997455,-1.257099501,0.318447232,-3.947591236,7.89E-05,0.000386218
gene-J2S48_RS10265,82.45457121,2.263599254,0.573655105,3.945923665,7.95E-05,0.000388373
MSTRG.257.1,79.4093986,-2.258610475,0.575405045,-3.925253167,8.66E-05,0.000422695
gene-J2S48_RS26235,13.14475416,3.689628179,0.94046799,3.923183157,8.74E-05,0.000425752
MSTRG.1883.1,926.2610128,-1.435363566,0.366724229,-3.914013459,9.08E-05,0.000441644
MSTRG.34.1,240.0759273,-1.306857876,0.33416501,-3.910816029,9.20E-05,0.000446911
gene-J2S48_RS15975,2905.223907,-1.367386549,0.349925869,-3.907646359,9.32E-05,0.000452186
gene-J2S48_RS24660,402.1479852,1.346622558,0.345358257,3.899204757,9.65E-05,0.000467595
gene-J2S48_RS16055,808.5161023,-1.238637028,0.317717442,-3.89854904,9.68E-05,0.000468216
gene-J2S48_RS26220,23.97754476,3.532216223,0.906780881,3.895336012,9.81E-05,0.000473812
gene-J2S48_RS07915,214.0038804,-1.844642551,0.473637998,-3.894625345,9.84E-05,0.000474549
gene-J2S48_RS02510,64.91607185,2.690075393,0.691178046,3.892015104,9.94E-05,0.000479025
gene-J2S48_RS21725,35.59794554,-3.735178523,0.960065519,-3.890545436,0.000100019,0.000481273
gene-J2S48_RS24475,320.2220718,1.403297003,0.360890325,3.888430661,0.000100894,0.000484819
gene-J2S48_RS05140,1375.66264,1.212217149,0.311800723,3.887794538,0.000101159,0.000485426
gene-J2S48_RS12900,256.0259405,-1.401837259,0.361159229,-3.881493662,0.000103817,0.000496818
gene-J2S48_RS16040,955.6986733,1.494461827,0.385018298,3.881534555,0.000103799,0.000496818
gene-J2S48_RS09520,3964.044454,1.306962982,0.337007083,3.87814692,0.000105255,0.000503013
gene-J2S48_RS04285,1143.807158,1.452642575,0.374722809,3.876579007,0.000105935,0.000505575
gene-J2S48_RS15385,97.93066294,1.885288232,0.486411922,3.875908763,0.000106227,0.000506279
MSTRG.854.1,69.14818008,2.047009696,0.52820759,3.875388641,0.000106455,0.000506672
gene-J2S48_RS12390,340.1515259,1.663075969,0.429279579,3.874109207,0.000107015,0.00050865
gene-J2S48_RS01165,92.29765225,-2.207667515,0.570352302,-3.870708519,0.000108519,0.0005151
gene-J2S48_RS11220,114.1401158,-2.244308429,0.579899272,-3.870169417,0.00010876,0.000515542
gene-J2S48_RS18375,3131.570521,1.95253731,0.504692842,3.868763623,0.000109389,0.000517822
gene-J2S48_RS05525,51.25926937,2.685694215,0.694839888,3.865198674,0.000110999,0.000524735
gene-J2S48_RS04690,2236.409633,-1.980897463,0.512574593,-3.864603298,0.00011127,0.000525308
gene-J2S48_RS15375,118.4769477,1.751879998,0.45359481,3.862213501,0.000112364,0.000529761
gene-J2S48_RS07885,852.0269836,-1.103031816,0.285820013,-3.859183289,0.000113767,0.000535651
gene-J2S48_RS21655,210.4576182,1.399847997,0.363162809,3.854601745,0.000115918,0.000545049
gene-J2S48_RS22550,38.75106604,-2.564129174,0.665298401,-3.854103918,0.000116154,0.000545427
gene-J2S48_RS13125,7309.305109,-1.403563172,0.364292514,-3.852846592,0.000116753,0.000547502
gene-J2S48_RS08480,3306.045768,-1.218809984,0.317552936,-3.83813168,0.000123974,0.000580589
gene-J2S48_RS10375,7633.191,1.968793598,0.513794552,3.831869353,0.000127173,0.000594777
gene-J2S48_RS07475,881.8751312,-1.248997154,0.32614433,-3.829584145,0.00012836,0.000599527
gene-J2S48_RS25385,442.7920777,1.775840384,0.464116131,3.826284556,0.000130092,0.000606807
gene-J2S48_RS22280,485.4043534,-1.277717021,0.334036348,-3.82508379,0.000130728,0.000608961
gene-J2S48_RS01765,236.2816141,1.374032874,0.35934752,3.823688209,0.00013147,0.000611607
gene-J2S48_RS04815,1633.411517,1.487320025,0.389162981,3.821843537,0.000132458,0.000615384
MSTRG.2101.1,1016.602839,-1.189347789,0.312022374,-3.811738796,0.000137993,0.000639402
gene-J2S48_RS15830,90.30000938,2.629954786,0.68991963,3.811972688,0.000137862,0.000639402
gene-J2S48_RS17405,1457.903893,-1.34229951,0.352876726,-3.803876574,0.000142449,0.00065918
gene-J2S48_RS14860,403.9117236,-1.631501864,0.429805386,-3.795908371,0.000147104,0.000679822
gene-J2S48_RS09755,164.7012148,1.553787706,0.40980608,3.791519407,0.000149728,0.000691039
gene-J2S48_RS21870,7721.606234,1.047949044,0.27653141,3.789620298,0.000150878,0.000695427
gene-J2S48_RS24410,211.3241123,1.753059853,0.463169352,3.784921961,0.000153757,0.000707766
gene-J2S48_RS10545,793.4763054,-1.132507017,0.299341294,-3.783330402,0.000154744,0.000711375
gene-J2S48_RS16420,98.47571524,1.946105825,0.517815281,3.758301263,0.000171071,0.000785401
gene-J2S48_RS18355,1601.757614,2.004555047,0.533898962,3.754558801,0.000173647,0.000796185
gene-J2S48_RS09375,520.17653,1.412760189,0.376518075,3.752170963,0.00017531,0.000802759
gene-J2S48_RS11320,46.36288756,-2.626426871,0.700256045,-3.750666475,0.000176365,0.000806537
gene-J2S48_RS10860,2190.04186,-1.04929183,0.27995204,-3.748112822,0.00017817,0.000813729
gene-J2S48_RS22810,138.5986993,1.830051958,0.488420292,3.746879456,0.000179048,0.000816674
gene-J2S48_RS13085,125.0375679,1.645499237,0.43937186,3.74511749,0.000180309,0.000821202
MSTRG.2551.1,842.4621305,-1.149976906,0.307083153,-3.744838805,0.00018051,0.000821202
MSTRG.1496.1,11.12477327,-4.077676947,1.091017883,-3.73749781,0.000185861,0.000844449
gene-J2S48_RS17505,349.9675283,1.234972289,0.330472229,3.736992644,0.000186234,0.000845051
gene-J2S48_RS21830,3096.787393,-1.128080516,0.302219727,-3.732650177,0.000189476,0.000858646
gene-J2S48_RS08645,83.02666142,-1.7995197,0.482471099,-3.729797917,0.000191633,0.000867302
gene-J2S48_RS17930,1262.453826,1.476573731,0.396058252,3.728173121,0.000192873,0.000871785
rna-J2S48_RS15075,243.6703283,-2.706154371,0.726677584,-3.7240097,0.000196083,0.000885155
gene-J2S48_RS00035,146.7813519,-2.183746544,0.587419625,-3.717523984,0.000201185,0.000907015
gene-J2S48_RS09455,284.6599649,1.499321298,0.403483773,3.715939522,0.00020245,0.000911545
gene-J2S48_RS15405,457.4360506,-1.43542383,0.386561169,-3.713316143,0.000204561,0.000919868
gene-J2S48_RS20400,480.2409717,1.10206034,0.296930625,3.711507826,0.000206028,0.000925278
gene-J2S48_RS01410,1179.519076,1.448401774,0.390413396,3.709918229,0.000207326,0.000929915
gene-J2S48_RS23985,54.82147273,-2.358283865,0.636165532,-3.707028666,0.000209705,0.000939383
gene-J2S48_RS10680,113.6207374,1.839031881,0.496494799,3.704030506,0.000212201,0.000949348
gene-J2S48_RS05100,554.2698182,-1.727455963,0.467029758,-3.698813479,0.00021661,0.000967836
gene-J2S48_RS00480,826.004305,-1.044631503,0.282581462,-3.696744638,0.000218382,0.000974511
gene-J2S48_RS13225,140.773554,-2.098024892,0.568277344,-3.69190311,0.000222582,0.000991992
MSTRG.3190.1,455.2881431,-1.504092246,0.407588134,-3.690225793,0.000224055,0.000997287
gene-J2S48_RS10660,496.1419872,-1.518302689,0.411900175,-3.68609382,0.000227722,0.001012324
gene-J2S48_RS10355,4343.91144,1.964129752,0.533340734,3.682692184,0.000230784,0.001024633
MSTRG.2783.1,210.7710089,-1.452801443,0.394565025,-3.682033,0.000231381,0.001025986
gene-J2S48_RS01605,116.7354608,-1.524986077,0.414591403,-3.678286781,0.000234806,0.001039855
gene-J2S48_RS10895,399.6965615,1.530458812,0.416996329,3.670197326,0.000242363,0.001070616
gene-J2S48_RS24815,7718.851656,-1.031718026,0.281095572,-3.67034606,0.000242222,0.001070616
MSTRG.510.1,168.9826576,-2.296654916,0.625848598,-3.66966535,0.000242868,0.001071495
gene-J2S48_RS02690,277.8806755,1.272468565,0.346962475,3.667452988,0.000244979,0.001079083
MSTRG.2246.1,101.7940964,-2.918037121,0.79570873,-3.667217679,0.000245204,0.001079083
gene-J2S48_RS23880,885.4485801,-1.147553138,0.313255883,-3.663309136,0.000248978,0.001094315
gene-J2S48_RS16755,6126.928224,-1.323726529,0.361564546,-3.661107103,0.000251128,0.001102382
gene-J2S48_RS25065,3296.373516,1.353756707,0.370244773,3.656383035,0.000255799,0.001121482
MSTRG.1053.1,157.8617542,-2.20805267,0.604915416,-3.650184162,0.000262052,0.001147462
MSTRG.2093.1,166.2497912,-1.504245166,0.412481018,-3.646822761,0.000265503,0.00116112
gene-J2S48_RS04185,444.230139,1.201628194,0.329586377,3.645867293,0.000266491,0.00116399
MSTRG.1579.1,232.2549882,-1.524347907,0.418349337,-3.643720147,0.000268726,0.001172286
gene-J2S48_RS09525,5002.640165,1.044391983,0.286758503,3.642061081,0.000270464,0.001178402
gene-J2S48_RS04825,815.7658437,1.225580934,0.336778606,3.639129422,0.000273561,0.001188939
gene-J2S48_RS13775,1341.659413,1.157925677,0.318161288,3.639429815,0.000273242,0.001188939
gene-J2S48_RS08180,61.53982225,-2.089885172,0.57437179,-3.638558173,0.000274169,0.001190103
gene-J2S48_RS10990,883.4660497,1.574289049,0.432820478,3.63727949,0.000275533,0.001194544
gene-J2S48_RS05375,240.7197675,1.610552765,0.44284303,3.636847951,0.000275995,0.001194615
gene-J2S48_RS11920,69.65573141,-2.185345726,0.600926511,-3.636627253,0.000276231,0.001194615
gene-J2S48_RS24135,391.6795562,-1.323471358,0.364044127,-3.635469599,0.000277475,0.001198513
gene-J2S48_RS07765,622.4732845,-1.397085125,0.384525257,-3.633272713,0.000279849,0.001207279
MSTRG.725.1,40.74496431,2.457640107,0.676551016,3.632601312,0.000280578,0.001208937
gene-J2S48_RS08040,403.8833502,1.239356066,0.341563547,3.628478727,0.000285096,0.001226894
gene-J2S48_RS16095,194.1446239,1.357485571,0.374270305,3.627019175,0.000286712,0.001232334
gene-J2S48_RS19370,370.7543213,1.09267039,0.301296341,3.626563761,0.000287218,0.001232996
gene-J2S48_RS16745,387.7500505,1.393994778,0.384756138,3.623060531,0.000291138,0.001248293
MSTRG.46.1,2074.537085,-1.075645963,0.297260658,-3.618527832,0.000296284,0.001268804
MSTRG.272.1,3988.274096,1.470929387,0.406710008,3.616654024,0.000298436,0.00127646
gene-J2S48_RS24645,275.4153286,-1.651662689,0.456830185,-3.615485018,0.000299786,0.00128067
gene-J2S48_RS01100,880.4123523,1.232709546,0.341064668,3.614298581,0.000301162,0.001284982
gene-J2S48_RS07640,326.1862348,-1.323788928,0.366382452,-3.613134092,0.000302518,0.001289198
gene-J2S48_RS20270,296.1531707,1.29220367,0.357850655,3.611013841,0.000305002,0.001298206
gene-J2S48_RS10340,3551.774683,1.988962252,0.551011547,3.609656212,0.000306603,0.001303435
gene-J2S48_RS05745,550.5125407,-1.127145226,0.312577745,-3.605967612,0.000310992,0.001320491
gene-J2S48_RS10170,15.76402041,3.713141731,1.029845878,3.605531477,0.000311515,0.001321109
gene-J2S48_RS23440,155.5799429,1.762572891,0.489057365,3.60402075,0.000313332,0.001327209
gene-J2S48_RS12430,16995.70387,1.943312843,0.539305367,3.603362702,0.000314127,0.001328968
gene-J2S48_RS05400,886.4999128,-1.218085308,0.339388308,-3.589060907,0.000331871,0.001402346
gene-J2S48_RS11390,6290.750573,1.063566988,0.29644077,3.587789187,0.000333494,0.001407504
gene-J2S48_RS19930,187.538896,1.431440261,0.399147922,3.58624004,0.00033548,0.001414184
gene-J2S48_RS00465,184.9324874,1.454356665,0.405693297,3.584867373,0.00033725,0.001419934
gene-J2S48_RS22100,80.24890897,2.032449006,0.567355192,3.582322034,0.000340554,0.001432124
gene-J2S48_RS01855,153.051621,1.584724375,0.442817148,3.57873308,0.000345264,0.001450191
gene-J2S48_RS12195,202.5909474,1.656206481,0.462865979,3.578155568,0.000346027,0.001451658
gene-J2S48_RS20450,150.6457242,-1.603489048,0.448854782,-3.572400498,0.000353724,0.001482171
gene-J2S48_RS24940,15874.28888,1.2430839,0.348150119,3.570539925,0.000356246,0.001490956
MSTRG.96.1,253.5599959,-1.331003622,0.372874614,-3.56957425,0.000357562,0.001494677
gene-J2S48_RS01050,105.7010863,-1.67903732,0.470793477,-3.566398861,0.00036192,0.001509294
gene-J2S48_RS12115,3628.306005,-1.703994549,0.477781066,-3.566475674,0.000361814,0.001509294
gene-J2S48_RS12000,2524.847554,-1.420103873,0.398721246,-3.561645857,0.000368537,0.001535061
gene-J2S48_RS17370,609.8534121,-1.448889643,0.406923059,-3.560598521,0.00037001,0.001539367
gene-J2S48_RS13360,317.0208144,-1.437956273,0.403988986,-3.559394747,0.00037171,0.001544605
gene-J2S48_RS17225,2406.76005,-1.043553175,0.293308536,-3.557868411,0.000373877,0.001551765
gene-J2S48_RS06935,242.1648138,-1.446460354,0.40703689,-3.553634552,0.000379947,0.001575093
gene-J2S48_RS04615,9.764608025,-3.939976049,1.109116578,-3.552355206,0.000381799,0.001580901
gene-J2S48_RS25375,1039.077856,1.17301341,0.330481676,3.549405297,0.000386102,0.001596832
MSTRG.2703.1,91.4458888,-1.619568549,0.456553457,-3.547379884,0.000389083,0.001607262
gene-J2S48_RS07340,377.5593016,-1.499798281,0.423011555,-3.545525564,0.000391831,0.001616707
gene-J2S48_RS00810,610.4339277,1.374096723,0.387770716,3.543580437,0.000394733,0.001624852
gene-J2S48_RS22580,57.09543473,2.297327844,0.648534659,3.542336268,0.0003966,0.00163062
gene-J2S48_RS24735,388.3223739,1.400738829,0.396292755,3.534606203,0.000408383,0.0016771
MSTRG.1288.1,361.0409213,-1.631715448,0.46173424,-3.533884441,0.0004095,0.001677753
gene-J2S48_RS25435,17.02294844,3.683449576,1.042287112,3.534006641,0.000409311,0.001677753
gene-J2S48_RS14085,250.986721,1.983486929,0.561912817,3.529883762,0.000415742,0.001701338
gene-J2S48_RS21460,1030.135822,1.359236687,0.385174968,3.528881157,0.00041732,0.001705804
gene-J2S48_RS00320,89.74191171,1.957688372,0.555717526,3.522812003,0.000426994,0.001743311
gene-J2S48_RS01440,224.8450642,1.312877477,0.372974897,3.52001566,0.000431521,0.001759743
gene-J2S48_RS08890,1028.985199,1.289663622,0.366458521,3.519262197,0.000432749,0.001762697
MSTRG.480.1,206.5411195,1.364543708,0.388353058,3.513667993,0.000441965,0.001798145
gene-J2S48_RS08510,757.7959487,1.398345186,0.398975957,3.504835717,0.000456889,0.001854557
gene-J2S48_RS20555,189.6722632,-2.27447249,0.649969571,-3.499352266,0.00046639,0.001890931
gene-J2S48_RS05195,3234.545093,1.425981045,0.407666838,3.497907883,0.000468923,0.001899003
gene-J2S48_RS08350,998.6167992,-1.35895661,0.389402572,-3.489850118,0.000483292,0.001953948
gene-J2S48_RS10325,462.0684452,1.495838374,0.428646758,3.489676164,0.000483606,0.001953948
gene-J2S48_RS19815,35.85477044,-3.010796095,0.863350095,-3.487340898,0.000487849,0.00196882
gene-J2S48_RS17090,179.0281618,1.831325378,0.525451571,3.485241035,0.000491694,0.00198071
gene-J2S48_RS00445,634.5777392,-1.314671,0.377268751,-3.484706844,0.000492677,0.001981453
gene-J2S48_RS04495,400.6816659,-1.510299781,0.433537962,-3.48366213,0.000494603,0.001986111
gene-J2S48_RS22295,436.8254498,-1.426593636,0.409532977,-3.483464616,0.000494969,0.001986111
gene-J2S48_RS25890,102.9550639,-1.659540824,0.476550255,-3.48240465,0.000496932,0.001991709
gene-J2S48_RS00820,523.3983026,1.168989713,0.335851453,3.480674868,0.000500152,0.002002324
gene-J2S48_RS17200,96.41123842,-2.252129385,0.647347067,-3.479013811,0.000503263,0.002012476
gene-J2S48_RS08085,55.57591716,2.019637885,0.580938475,3.476509084,0.000507987,0.002029052
MSTRG.155.1,209.4097499,-1.605577875,0.461883017,-3.476156985,0.000508654,0.002029404
gene-J2S48_RS20665,76.28325099,1.790299245,0.515202034,3.474945994,0.000510956,0.002036268
gene-J2S48_RS16395,1754.96941,1.077974535,0.310523988,3.471469441,0.000517618,0.002058135
gene-J2S48_RS15640,174.9989337,-1.740585696,0.501472913,-3.470946588,0.000518627,0.002059808
gene-J2S48_RS16090,515.3128432,1.026669605,0.295927613,3.469326819,0.000521764,0.002069921
gene-J2S48_RS14280,291.0159949,-1.572514262,0.45380616,-3.465167289,0.000529902,0.002099826
MSTRG.1291.1,85.56752061,-2.303653088,0.665429738,-3.461902823,0.000536371,0.002123059
gene-J2S48_RS24760,363.5012958,1.488874256,0.430269509,3.460329461,0.000539515,0.002133093
MSTRG.3282.1,274.7744547,-1.203037728,0.348026681,-3.456739937,0.000546752,0.002159271
gene-J2S48_RS14500,6896.203884,-1.390710628,0.40262864,-3.454077753,0.000552178,0.002178243
gene-J2S48_RS15820,92.79742062,2.581571826,0.747489012,3.45365856,0.000553037,0.002179178
gene-J2S48_RS06940,507.2197292,1.088143754,0.315264628,3.451525031,0.000557428,0.002194012
gene-J2S48_RS20315,112.2418255,1.525366086,0.442331606,3.448467315,0.000563778,0.002216513
gene-J2S48_RS10300,97.590403,-1.624097849,0.471018645,-3.448054267,0.000564641,0.002217417
gene-J2S48_RS23070,84.54826566,1.6990493,0.492928317,3.44684864,0.000567166,0.002224841
gene-J2S48_RS01680,18.3499328,3.038046763,0.882841449,3.441214464,0.000579109,0.002264085
gene-J2S48_RS18740,23484.06909,1.027309856,0.298519052,3.441354408,0.00057881,0.002264085
gene-J2S48_RS21280,728.2888184,1.593577349,0.463017981,3.441718063,0.000578032,0.002264085
gene-J2S48_RS22740,242.8984986,1.42140133,0.413263777,3.439452983,0.000582891,0.002276329
gene-J2S48_RS14125,1212.438425,-1.056724211,0.307570938,-3.435708907,0.000591006,0.002305448
MSTRG.1608.1,6374.924542,-1.010633042,0.294385577,-3.433024989,0.000596887,0.002323217
gene-J2S48_RS16070,2215.272245,1.354997718,0.394661922,3.43331252,0.000596254,0.002323217
gene-J2S48_RS14135,906.7498415,1.091573581,0.318306294,3.429318242,0.0006051,0.002352568
gene-J2S48_RS00005,4302.163301,1.410605677,0.411507194,3.427900404,0.000608269,0.002362267
rna-J2S48_RS24275,7.756070365,-4.023454147,1.174833824,-3.424700637,0.000615477,0.002387615
gene-J2S48_RS08490,316.8975033,1.431290223,0.418187598,3.42260323,0.000620245,0.002403451
gene-J2S48_RS12225,210.3840929,-2.229379984,0.651776127,-3.42046892,0.000625133,0.002419713
MSTRG.384.1,18394.28208,1.303804657,0.38150246,3.41755242,0.000631869,0.002443088
MSTRG.3175.1,191.9297662,-1.498817166,0.438646641,-3.416912445,0.000633356,0.002446139
gene-J2S48_RS23325,90.92839023,1.673999766,0.490628315,3.411950991,0.000644997,0.002488353
gene-J2S48_RS18705,307.1888042,-1.298721734,0.380870845,-3.409874376,0.000649928,0.002504618
gene-J2S48_RS14610,1207.881069,1.047351356,0.307199162,3.409356161,0.000651164,0.002506624
gene-J2S48_RS05310,6955.006622,-1.572219449,0.461481232,-3.406897922,0.000657057,0.002524893
gene-J2S48_RS11650,81.29979999,1.796637271,0.527541871,3.405677101,0.000660002,0.002532296
gene-J2S48_RS14165,987.03155,-1.201604481,0.353048836,-3.403507837,0.000665265,0.002549697
gene-J2S48_RS26085,140.7549476,2.036762564,0.599163596,3.399342981,0.00067548,0.002586016
gene-J2S48_RS23950,327.3833617,1.280450001,0.3767824,3.398380608,0.00067786,0.002592298
MSTRG.2477.1,6070.932419,-3.395115889,1.000197723,-3.394444729,0.000687679,0.00262698
gene-J2S48_RS09840,128.8414147,-1.834561421,0.540880149,-3.391807637,0.000694332,0.002647128
gene-J2S48_RS13995,1123.964699,1.16261683,0.342777359,3.391755026,0.000694465,0.002647128
gene-J2S48_RS15000,661.6743984,-1.497424359,0.441907688,-3.388545616,0.000702643,0.002675391
gene-J2S48_RS14065,1191.320602,1.196593245,0.353449728,3.385469416,0.000710566,0.002702621
gene-J2S48_RS17280,212.3791638,1.423230943,0.420808406,3.382135248,0.000719247,0.002732671
gene-J2S48_RS07995,73.78163889,-1.845616493,0.546547183,-3.376865806,0.000733168,0.002782544
MSTRG.3122.1,11.31965762,-4.044170438,1.19875155,-3.373651895,0.000741781,0.002812185
gene-J2S48_RS13820,1568.365283,1.198501411,0.355818314,3.368296022,0.000756343,0.002863221
MSTRG.2880.1,101.6776945,1.931477403,0.573461781,3.368101358,0.000756878,0.002863221
gene-J2S48_RS10080,42729.48659,-1.24189054,0.369048798,-3.365112006,0.000765126,0.002891301
gene-J2S48_RS18565,373.1179626,1.198699232,0.356365206,3.363682006,0.000769101,0.002903191
gene-J2S48_RS16255,1885.025023,-1.218883689,0.362889355,-3.358830099,0.000782732,0.002951463
gene-J2S48_RS13730,412.0750029,-1.578008539,0.471344929,-3.347884834,0.000814308,0.003067228
gene-J2S48_RS18885,614.7675607,1.13606901,0.340231618,3.339104743,0.000840489,0.00316244
gene-J2S48_RS22505,62.21432865,-1.875956359,0.562063686,-3.337622422,0.000844985,0.003175946
gene-J2S48_RS08795,157.5708154,1.383622893,0.414721262,3.336271905,0.000849101,0.003187996
gene-J2S48_RS24680,546.6091608,1.037559394,0.311062796,3.335530338,0.000851369,0.003193088
gene-J2S48_RS18795,230.204908,1.387878104,0.416214313,3.334527579,0.000854444,0.003201196
gene-J2S48_RS04560,1081.033763,-1.062668222,0.318792599,-3.333415601,0.000857867,0.003210585
gene-J2S48_RS26340,120.9504079,-2.260237128,0.67880098,-3.329749359,0.000869242,0.003249685
MSTRG.3328.1,96.02561966,-1.869111858,0.561788605,-3.327073284,0.000877633,0.003274066
gene-J2S48_RS10335,2000.53214,1.457790251,0.438563143,3.324014509,0.000887316,0.003306667
gene-J2S48_RS03975,419.3391071,1.08071952,0.32522835,3.322956074,0.000890689,0.003315712
gene-J2S48_RS18035,110.105193,-1.95308021,0.587911089,-3.322067309,0.000893531,0.00332276
gene-J2S48_RS12005,328.1492548,-1.206585677,0.363389806,-3.320361931,0.000899008,0.003339582
gene-J2S48_RS05110,88.49036526,1.757573736,0.529680694,3.318175942,0.000906074,0.003361426
MSTRG.3253.1,328.375628,1.589405001,0.479032256,3.317949848,0.000906808,0.003361426
gene-J2S48_RS21520,178.3986803,1.525753139,0.459959583,3.317146101,0.00090942,0.003367547
gene-J2S48_RS12685,371.9629916,1.030594397,0.310761827,3.316348107,0.000912021,0.003373613
gene-J2S48_RS05595,251.3316384,-1.338127864,0.403606309,-3.31542851,0.000915027,0.003381161
gene-J2S48_RS25835,657.514392,1.195192168,0.360897018,3.311726359,0.000927222,0.003415414
MSTRG.1643.1,350.8359041,1.153061846,0.348155504,3.311916177,0.000926593,0.003415414
gene-J2S48_RS25365,238.5086973,1.716763814,0.518328889,3.312112929,0.000925942,0.003415414
gene-J2S48_RS15845,94.23672044,-1.972785817,0.595906331,-3.310563611,0.000931083,0.003426033
gene-J2S48_RS20980,361.746035,-1.219741746,0.368547087,-3.309595407,0.000934309,0.003434297
gene-J2S48_RS22555,35.82356202,-2.985266662,0.902582711,-3.307471575,0.000941423,0.003456817
gene-J2S48_RS19185,20.04659631,-2.788806325,0.84416172,-3.30363988,0.000954383,0.003500738
gene-J2S48_RS00985,95.72840016,1.44859079,0.438647905,3.302399887,0.000958613,0.003512575
gene-J2S48_RS13575,348.9794714,-1.12838183,0.341784194,-3.301445328,0.000961881,0.003520866
gene-J2S48_RS20845,2316.903338,1.548248876,0.469160593,3.300040324,0.000966709,0.003534846
gene-J2S48_RS24030,1392.122745,1.008770867,0.305807062,3.298716712,0.000971279,0.003547851
gene-J2S48_RS14680,449.7680969,1.169057483,0.355153088,3.29170018,0.000995837,0.003633768
gene-J2S48_RS01275,44.61059992,2.354961258,0.715657892,3.29062431,0.000999653,0.003636329
gene-J2S48_RS04570,489.1177887,-1.101359788,0.334654291,-3.2910374,0.000998186,0.003636329
MSTRG.2351.1,559.4445089,1.431923503,0.435145852,3.290674831,0.000999474,0.003636329
gene-J2S48_RS13890,109.9381453,-1.882184052,0.57222593,-3.289232373,0.00100461,0.003650571
MSTRG.38.1,1060.891178,-1.189566329,0.361880817,-3.287177082,0.001011972,0.00367351
gene-J2S48_RS19835,166.1071148,-1.733193446,0.527699278,-3.284433993,0.001021874,0.003705617
gene-J2S48_RS05325,728.615778,-1.111484803,0.33879196,-3.280729577,0.00103539,0.003750744
gene-J2S48_RS13550,162.5632975,1.815747326,0.553584613,3.279981569,0.001038139,0.003756818
gene-J2S48_RS09855,476.8369185,1.229966515,0.375151841,3.278583176,0.001043296,0.003771586
MSTRG.1221.1,23.53255754,2.740127563,0.835879357,3.278137616,0.001044944,0.00377365
gene-J2S48_RS11535,171.9447196,-1.250643955,0.381884339,-3.274928628,0.001056887,0.003812847
gene-J2S48_RS04050,176.5785328,-1.511044016,0.461562099,-3.273761035,0.001061263,0.003824696
gene-J2S48_RS12775,46.91920469,1.95514549,0.597332366,3.273128333,0.001063642,0.003829329
gene-J2S48_RS04120,268.2236232,1.345253946,0.411279475,3.270899784,0.001072059,0.00385567
MSTRG.3285.1,86.66235936,-1.887208066,0.577124117,-3.270021147,0.001075394,0.003863699
gene-J2S48_RS18730,325.3244489,-1.018832622,0.312065894,-3.264799657,0.001095415,0.003927574
gene-J2S48_RS14560,64.75651374,-1.759671513,0.53923134,-3.263296071,0.001101244,0.003944436
gene-J2S48_RS16600,1379.084086,1.458527159,0.447183998,3.261581736,0.001107925,0.003964311
MSTRG.126.1,137.433895,-2.065761224,0.63342562,-3.261253032,0.00110921,0.00396486
gene-J2S48_RS01675,86.12380438,1.58644081,0.487195191,3.256273542,0.001128849,0.004030947
gene-J2S48_RS08980,124.4918426,1.370771729,0.421041965,3.255665333,0.00113127,0.004035478
gene-J2S48_RS20800,122.8526271,1.516732859,0.466138688,3.253823159,0.001138631,0.004057605
gene-J2S48_RS14740,118.5077792,1.760834134,0.541212501,3.253498636,0.001139933,0.004058114
gene-J2S48_RS09100,319.5000624,1.277570024,0.392861354,3.251961562,0.001146115,0.004071847
gene-J2S48_RS19750,30.17636728,-2.747155117,0.844747706,-3.252042115,0.00114579,0.004071847
gene-J2S48_RS08900,121.478976,1.363464402,0.419440592,3.250673462,0.00115132,0.004086195
MSTRG.133.1,232.9448392,-1.262134557,0.389211493,-3.242798785,0.001183618,0.004196572
gene-J2S48_RS19290,334.2752664,1.329603379,0.410367863,3.240028029,0.00119518,0.00423328
gene-J2S48_RS18760,1093.763782,1.295686018,0.40010487,3.238366029,0.001202165,0.00425372
gene-J2S48_RS14845,150.993656,1.257541804,0.388386237,3.237863972,0.001204282,0.004255248
gene-J2S48_RS15775,248.7794167,1.26938987,0.39206679,3.237687822,0.001205026,0.004255248
MSTRG.2699.1,1094449.482,-1.76991014,0.546861344,-3.236487933,0.001210103,0.004268874
gene-J2S48_RS19090,1277.508798,-1.64856898,0.509569648,-3.235218164,0.001215498,0.004283592
gene-J2S48_RS20835,206.2012275,-1.526690851,0.4721784,-3.233292443,0.001223722,0.00430824
gene-J2S48_RS13055,183.7132474,1.8302039,0.567570427,3.224628719,0.001261361,0.004436294
gene-J2S48_RS23890,127.7184438,-2.150541646,0.667504644,-3.221762821,0.001274046,0.004476411
gene-J2S48_RS06780,34.55984581,-2.651251576,0.823624916,-3.219003608,0.001286369,0.004512818
gene-J2S48_RS24965,621.4807072,-1.070702205,0.332633313,-3.218866432,0.001286984,0.004512818
gene-J2S48_RS14520,665.0956543,-1.060841314,0.329616898,-3.21840695,0.001289048,0.004515535
MSTRG.2761.1,112.3018495,-1.872366136,0.582089457,-3.216629527,0.00129706,0.004539061
MSTRG.1372.2,91.18803644,2.528415869,0.786312256,3.21553664,0.001302009,0.00454887
gene-J2S48_RS18280,454.9450274,1.206453651,0.375532328,3.21264925,0.001315168,0.004588679
gene-J2S48_RS11890,181.6119588,-1.584210203,0.493935537,-3.207321776,0.00133977,0.004665225
gene-J2S48_RS01840,112.446696,-1.456152965,0.454431968,-3.204336552,0.001353741,0.004705812
gene-J2S48_RS21990,64.78401221,1.76687534,0.551414902,3.204257507,0.001354113,0.004705812
gene-J2S48_RS24440,290.1536636,1.288317115,0.402675762,3.199390764,0.001377184,0.004781243
gene-J2S48_RS04410,130.9466692,1.351884517,0.422664401,3.198482093,0.001381531,0.00478295
gene-J2S48_RS04995,305.3402161,1.299237016,0.406210615,3.198431967,0.001381771,0.00478295
gene-J2S48_RS15915,72.73290598,-1.656905264,0.518014647,-3.198568365,0.001381118,0.00478295
gene-J2S48_RS19105,634.9961306,1.310869034,0.411190683,3.187983313,0.001432688,0.004949414
gene-J2S48_RS16565,21965.36721,1.182474027,0.370952474,3.187669877,0.001434242,0.004949901
gene-J2S48_RS18830,763.6097963,1.1311102,0.355447319,3.18221615,0.001461527,0.005034149
MSTRG.247.1,84.36229361,1.491064031,0.468905658,3.179880652,0.001473357,0.005069912
gene-J2S48_RS26185,197.7026657,1.917558199,0.603132795,3.179330016,0.001476159,0.005074569
MSTRG.166.1,37.58012811,-2.089030064,0.658244862,-3.173636719,0.00150542,0.005170084
MSTRG.3033.1,99.97038071,1.584772625,0.499661258,3.171694022,0.001515526,0.005199694
gene-J2S48_RS07695,282.0373204,-1.323276407,0.417874096,-3.166686858,0.001541863,0.005279711
gene-J2S48_RS16080,297.2960683,1.2108705,0.382375756,3.166703118,0.001541776,0.005279711
gene-J2S48_RS24490,1992.560771,1.139294465,0.360214622,3.162821263,0.001562482,0.005344881
gene-J2S48_RS13395,4946.452966,1.087103716,0.345029989,3.150751383,0.00162851,0.005554695
gene-J2S48_RS01140,3760.036273,1.499929978,0.476568963,3.147351365,0.001647568,0.005608778
gene-J2S48_RS21090,73.80583025,1.89831492,0.603146612,3.14735237,0.001647563,0.005608778
gene-J2S48_RS11640,157.7917144,1.407703198,0.447376513,3.146573766,0.001651956,0.005618254
gene-J2S48_RS16840,585.0049939,1.037845544,0.330023878,3.144758954,0.001662237,0.005647737
gene-J2S48_RS11820,497.9438976,1.358056782,0.432910775,3.137036219,0.00170665,0.00579302
gene-J2S48_RS08335,229.8614014,-1.375902085,0.438855942,-3.135202131,0.001717357,0.00582372
gene-J2S48_RS00600,222.080604,1.150985205,0.367216147,3.134353467,0.001722333,0.005834943
gene-J2S48_RS25060,280.9522127,-1.135167063,0.362299646,-3.133227084,0.001728956,0.005851723
gene-J2S48_RS12810,851.4477952,-2.938208872,0.937850676,-3.132917583,0.00173078,0.005852243
gene-J2S48_RS18075,4159.886711,1.430539609,0.457041833,3.129997095,0.00174808,0.005905039
gene-J2S48_RS01370,153.7611431,1.932491085,0.617881184,3.12760954,0.001762341,0.00593604
gene-J2S48_RS23065,91.05944813,-1.415158726,0.452879031,-3.124805143,0.001779229,0.005987165
gene-J2S48_RS20895,439.3811033,1.072038374,0.34320141,3.123642104,0.001786276,0.00600511
gene-J2S48_RS13970,87.98963683,1.626129367,0.520756375,3.122629781,0.001792431,0.006020023
gene-J2S48_RS24140,440.849158,-1.477647654,0.473886339,-3.118147815,0.001819915,0.006100634
gene-J2S48_RS10490,1728.499943,1.488865327,0.478024244,3.114623048,0.001841801,0.006168097
MSTRG.31.1,144.4402947,-1.146522572,0.368817496,-3.108644751,0.001879476,0.006276266
gene-J2S48_RS23520,112.7052954,1.642078164,0.528204672,3.10879144,0.001878543,0.006276266
gene-J2S48_RS19825,908.4472832,-1.001585128,0.322927353,-3.101580333,0.001924906,0.006421854
MSTRG.205.1,159.2071313,1.764558446,0.569013365,3.101084358,0.001928134,0.0064265
gene-J2S48_RS10850,532.913191,1.548453101,0.499386524,3.100710623,0.001930569,0.0064285
gene-J2S48_RS02820,171.6293446,1.49847901,0.484517967,3.092721247,0.001983303,0.006591567
gene-J2S48_RS07435,363.1178748,1.191548211,0.385797826,3.088530135,0.002011493,0.006678919
gene-J2S48_RS07375,27.23999764,-2.133219261,0.691624604,-3.084359998,0.002039906,0.006760445
gene-J2S48_RS05670,143.0610648,-1.426302144,0.46406722,-3.073481776,0.002115766,0.006998611
gene-J2S48_RS00905,94.26647568,1.507945854,0.491071543,3.070725387,0.002135395,0.007056874
gene-J2S48_RS10430,12501.01416,1.513855111,0.493434568,3.067995656,0.002154998,0.007103035
MSTRG.1536.1,61.28193964,2.027832722,0.661028952,3.067691233,0.002157194,0.007103035
gene-J2S48_RS04105,98.97543403,1.678869396,0.547603097,3.065850805,0.002170516,0.007139265
gene-J2S48_RS00025,48.61789748,-1.981912455,0.647261711,-3.061995514,0.002198667,0.007225077
gene-J2S48_RS18905,376.3068993,-1.175891311,0.384393022,-3.059085998,0.002220134,0.007288781
gene-J2S48_RS08780,140.5555729,1.552395225,0.508534347,3.052685104,0.002268038,0.007425175
MSTRG.35.1,184.3116844,1.390168087,0.455556295,3.051583533,0.002276377,0.007445069
gene-J2S48_RS14465,96.47319009,-1.610971774,0.527958728,-3.051321417,0.002278365,0.007445069
gene-J2S48_RS20850,102.4935355,1.573053023,0.516262137,3.047004441,0.002311343,0.007545792
gene-J2S48_RS20025,22.76673533,2.561715044,0.841848671,3.042963817,0.002342605,0.007633624
gene-J2S48_RS05550,274.0655053,-1.674596171,0.552313952,-3.031964275,0.00242968,0.007895332
gene-J2S48_RS21975,72.68122126,-1.512906397,0.498975418,-3.03202591,0.002429184,0.007895332
MSTRG.42.1,153.1348141,-2.178542039,0.71945164,-3.028059034,0.0024613,0.007990671
gene-J2S48_RS14900,40.26136449,2.168381887,0.716665438,3.025654331,0.002480958,0.008044403
gene-J2S48_RS05775,148.1616102,-1.678419124,0.555463248,-3.021656482,0.002513957,0.008138993
gene-J2S48_RS21060,156.9633837,1.472933455,0.487733786,3.019953706,0.002528133,0.008177332
gene-J2S48_RS08425,115.2137461,-2.03980094,0.675713949,-3.018734397,0.00253833,0.00820054
gene-J2S48_RS21985,156.9148625,-1.592018643,0.527414127,-3.018536218,0.00253999,0.00820054
gene-J2S48_RS16225,1372.254445,1.052507404,0.348774577,3.017729715,0.002546759,0.008214823
gene-J2S48_RS05160,95.30818349,-1.449494863,0.482429238,-3.004575073,0.002659521,0.008531413
gene-J2S48_RS12740,1496.344256,-1.088111602,0.363536237,-2.993131057,0.002761311,0.008843609
gene-J2S48_RS16510,717.4455079,1.211129911,0.404645121,2.993066886,0.002761892,0.008843609
gene-J2S48_RS04545,141.7660734,1.304056775,0.43592567,2.991465892,0.002776416,0.008865801
gene-J2S48_RS09990,128.7405323,1.362248969,0.455310915,2.991909317,0.002772386,0.008865801
MSTRG.3014.1,80.55049734,-1.772540773,0.592496774,-2.991646285,0.002774776,0.008865801
gene-J2S48_RS14685,372.1857817,1.019776136,0.341207663,2.988725773,0.002801434,0.008937545
gene-J2S48_RS11500,58.71639698,-1.8195259,0.609420179,-2.985667298,0.002829603,0.009019199
gene-J2S48_RS13365,6138.349802,-1.273343677,0.426734299,-2.983926253,0.002845754,0.009062431
gene-J2S48_RS14800,78.72006508,1.663261215,0.557694436,2.982388039,0.002860092,0.009099822
gene-J2S48_RS06835,50.98107726,1.704391303,0.571913151,2.980157564,0.002881002,0.009158029
gene-J2S48_RS15230,174.3946614,1.275684849,0.429419792,2.970717405,0.00297105,0.009423862
gene-J2S48_RS16905,177.0383696,-1.284764026,0.432431117,-2.971025848,0.002968068,0.009423862
gene-J2S48_RS18940,63.20286481,-1.591736333,0.535839487,-2.970546913,0.0029727,0.009423862
gene-J2S48_RS26570,2577.643105,1.538015542,0.518978598,2.963543292,0.003041193,0.009632277
gene-J2S48_RS19725,154.7651073,-1.48495216,0.501306021,-2.962167015,0.00305482,0.009666699
MSTRG.3392.1,21.26893113,2.454173953,0.828908427,2.960729886,0.00306911,0.009694402
gene-J2S48_RS21175,68.84983396,1.69537458,0.572933131,2.959114228,0.003085247,0.009736595
gene-J2S48_RS17060,675.3928,1.135746103,0.383919459,2.958292626,0.003093483,0.009753799
gene-J2S48_RS17755,368.9530344,1.084295301,0.366674337,2.957107144,0.003105402,0.009782574
gene-J2S48_RS11340,144.0549268,1.574979762,0.533535745,2.951966718,0.00315757,0.009929054
gene-J2S48_RS09105,113.97658,1.225365802,0.415411393,2.949764552,0.003180162,0.009991127
gene-J2S48_RS17825,90.26670865,2.265137935,0.769108195,2.945148614,0.003227996,0.01013232
MSTRG.1255.1,34.0100062,-2.001418258,0.680327976,-2.941843239,0.00326265,0.010231929
gene-J2S48_RS14015,151.439559,-1.200143939,0.408431887,-2.938418809,0.003298911,0.01033639
gene-J2S48_RS18750,8.498699927,3.593247832,1.22456153,2.934313828,0.00334286,0.010446066
gene-J2S48_RS14810,119.6808513,-2.436218504,0.831104134,-2.931303555,0.003375428,0.010538434
gene-J2S48_RS17595,1166.257379,1.043999288,0.356530565,2.928218196,0.003409107,0.010634107
gene-J2S48_RS08535,105.4989814,1.314757197,0.449707101,2.92358558,0.003460251,0.010774452
gene-J2S48_RS13635,170.6342514,-1.120993714,0.383627729,-2.922087297,0.003476941,0.010816806
gene-J2S48_RS11925,236.5849147,1.156483504,0.396284644,2.918315209,0.003519284,0.010938821
gene-J2S48_RS18890,76.85458552,1.595020291,0.546653387,2.917790924,0.003525206,0.010947516
gene-J2S48_RS07445,269.3324746,1.095799824,0.375884001,2.915260613,0.003553916,0.011026899
gene-J2S48_RS13660,241.4282852,1.008377505,0.346020662,2.914211825,0.003565879,0.011054224
gene-J2S48_RS12645,177.7557519,-1.160858198,0.39893813,-2.909870254,0.003615788,0.011199033
gene-J2S48_RS02810,64.90664975,-1.510924985,0.519296359,-2.909562064,0.003619355,0.011200178
MSTRG.3255.1,337.6324143,-1.177191272,0.405056754,-2.906237853,0.003658033,0.011299902
gene-J2S48_RS24480,40.45840215,-2.554904421,0.880582764,-2.901379094,0.003715241,0.011466511
MSTRG.2418.1,246.4568406,-1.126617544,0.388765817,-2.897933655,0.0037563,0.011572841
gene-J2S48_RS24765,79.13804544,1.560781601,0.538563794,2.898044056,0.003754978,0.011572841
MSTRG.1773.1,4087.452073,-1.323395681,0.456782134,-2.897214188,0.003764926,0.011589224
gene-J2S48_RS07605,18.1415778,2.333209648,0.808547412,2.885680683,0.003905682,0.012011944
MSTRG.91.1,288.2861765,1.216636215,0.421780887,2.884521922,0.003920085,0.012045664
gene-J2S48_RS20765,98.86461181,1.41323493,0.491038238,2.878054746,0.004001357,0.012273865
gene-J2S48_RS18825,273.5475351,1.17026414,0.406916443,2.875932295,0.004028361,0.012345887
gene-J2S48_RS15070,11492.27121,-1.143163119,0.398090979,-2.871612718,0.004083831,0.012483124
gene-J2S48_RS04345,97.64538978,-1.708768998,0.595582674,-2.869071034,0.004116793,0.012572909
gene-J2S48_RS00750,190.1833328,1.135175219,0.395793502,2.868099685,0.004129454,0.01260059
gene-J2S48_RS01610,1651.321694,-1.264319296,0.441214498,-2.865543408,0.004162942,0.012691719
gene-J2S48_RS02755,37.2361452,2.79093698,0.974342354,2.864431552,0.004177584,0.012725285
gene-J2S48_RS04115,38.99086726,1.727570181,0.603230146,2.863865795,0.004185053,0.012730529
gene-J2S48_RS16315,159.6583949,1.261889532,0.440642249,2.863750662,0.004186574,0.012730529
gene-J2S48_RS05085,545.3625902,1.082523327,0.378085239,2.863172683,0.004194219,0.012742714
gene-J2S48_RS21680,36.55992446,1.871857515,0.653867191,2.862748797,0.004199834,0.012748716
gene-J2S48_RS17745,176.6749793,1.061337365,0.370863747,2.861798634,0.004212444,0.012766707
MSTRG.3525.1,30.90893787,1.905372874,0.665806174,2.861753086,0.00421305,0.012766707
gene-J2S48_RS20540,98.14033576,-1.3516377,0.472359456,-2.861460023,0.004216947,0.012767472
gene-J2S48_RS14955,311.364215,-1.077467453,0.37681591,-2.859400105,0.004244431,0.012817449
gene-J2S48_RS18635,162.2552071,-1.068762876,0.373958678,-2.857970519,0.0042636,0.012864247
gene-J2S48_RS23885,799.2990296,-1.365352246,0.478042381,-2.856132219,0.004288365,0.012927834
gene-J2S48_RS10350,1117.421179,1.714723881,0.600622888,2.854909321,0.004304912,0.012966557
gene-J2S48_RS00575,37.73548426,-2.370294498,0.830960108,-2.852476881,0.004337997,0.013032592
gene-J2S48_RS15745,103.8449907,-1.440994206,0.506021118,-2.847695789,0.0044037,0.013218646
gene-J2S48_RS01825,21.09368823,-2.871140705,1.010096507,-2.842441969,0.004476938,0.013426981
MSTRG.194.1,216.6157864,-1.473751763,0.518790717,-2.840744279,0.004500839,0.013487116
gene-J2S48_RS18210,372.4164308,1.176112438,0.414549684,2.837084389,0.004552758,0.013631034
gene-J2S48_RS09125,245.6623774,-1.10593185,0.390412198,-2.832728733,0.004615253,0.013806347
MSTRG.2813.1,78.87703824,-1.524189109,0.539993644,-2.822605645,0.004763512,0.0142377
gene-J2S48_RS06405,188.0379796,-1.268104604,0.449876732,-2.818782378,0.004820619,0.01438384
gene-J2S48_RS02460,388.3074416,1.012074315,0.359655566,2.814009876,0.004892773,0.014586708
gene-J2S48_RS26370,28.87841386,-2.06439145,0.734172889,-2.811860097,0.004925592,0.014672066
gene-J2S48_RS20265,168.5114336,1.173994312,0.418345982,2.806276059,0.005011774,0.014890791
gene-J2S48_RS13855,305.6324673,1.010728526,0.361082732,2.79916051,0.005123566,0.015197165
gene-J2S48_RS21395,191.0339098,-1.68086253,0.600656569,-2.798375338,0.005136039,0.015208407
gene-J2S48_RS26465,71.63821823,-1.57584164,0.56380754,-2.794999228,0.005189984,0.015355164
gene-J2S48_RS15280,204.4485805,3.269570103,1.170438419,2.793457606,0.005214786,0.015415525
gene-J2S48_RS11415,430.5017441,1.026783408,0.367851463,2.791298969,0.005249696,0.015505636
gene-J2S48_RS01450,296.6702692,-1.023828012,0.367050577,-2.789337697,0.005281596,0.015583694
gene-J2S48_RS06895,33.85893449,-2.384668719,0.854987262,-2.789127774,0.005285021,0.015583694
gene-J2S48_RS25805,91.19338345,1.261482783,0.452555747,2.787463844,0.005312238,0.015650774
MSTRG.181.1,78.50584671,-1.340320974,0.480980099,-2.786645389,0.005325672,0.015677168
gene-J2S48_RS00425,31.0417812,2.166471885,0.778358021,2.783387369,0.005379454,0.015808915
gene-J2S48_RS19275,265.1746532,1.001833574,0.36002442,2.782682285,0.005391157,0.015813149
gene-J2S48_RS23300,106.1375133,1.251487508,0.449704979,2.782907834,0.005387411,0.015813149
gene-J2S48_RS22350,89.80133605,-1.469527911,0.528559721,-2.780249522,0.005431714,0.01590911
gene-J2S48_RS08615,60.55713558,-1.537551249,0.553615272,-2.777291971,0.005481392,0.015964344
MSTRG.3017.1,52.86712155,-1.81309505,0.6527003,-2.777837013,0.005472206,0.015964344
rna-J2S48_RS24265,117.2667594,-3.418687258,1.230545716,-2.778187933,0.005466299,0.015964344
MSTRG.2718.1,17.70822869,2.505504079,0.9031945,2.774047094,0.005536366,0.016107883
gene-J2S48_RS21740,199.0432558,-1.180818229,0.425758203,-2.773447985,0.005546571,0.01612418
gene-J2S48_RS24640,26.73189782,-1.985282476,0.71595283,-2.77292357,0.005555517,0.016136795
gene-J2S48_RS07495,139.5500036,1.470809521,0.531159632,2.769053657,0.005621938,0.016302688
gene-J2S48_RS01490,143.0913448,-1.399268507,0.505390241,-2.768689209,0.00562823,0.016307434
gene-J2S48_RS14390,89.74333945,-1.264897422,0.45691307,-2.768354652,0.005634011,0.016310695
gene-J2S48_RS05115,171.0475785,-1.018666314,0.368007686,-2.768057169,0.005639156,0.016312109
gene-J2S48_RS12310,293.2944435,1.054891364,0.381498534,2.765125604,0.005690088,0.016443809
gene-J2S48_RS22780,26.32128042,2.48214385,0.898729336,2.761836907,0.005747718,0.016585055
gene-J2S48_RS05915,135.6665419,1.527065369,0.55345372,2.75915639,0.005795079,0.016694213
gene-J2S48_RS01845,59.87790413,-1.791584862,0.64942401,-2.758729019,0.005802663,0.016702324
gene-J2S48_RS07550,365.0475311,-1.173375871,0.42558345,-2.757099391,0.005831662,0.016772014
gene-J2S48_RS09545,398.3300012,-1.021964867,0.37141651,-2.751533223,0.0059317,0.017045731
MSTRG.2476.1,12793.6886,-2.70406479,0.983219701,-2.750214208,0.005955632,0.017100474
rna-J2S48_RS01180,367.3998737,-3.204020552,1.165591713,-2.748836078,0.005980729,0.017158471
MSTRG.149.1,511.1272563,1.031053425,0.375176845,2.748179791,0.005992714,0.017176348
gene-J2S48_RS06955,255.6088925,1.153314191,0.419780454,2.747422326,0.006006573,0.017176348
MSTRG.1866.1,35.12555339,2.20670518,0.803136678,2.747608522,0.006003164,0.017176348
gene-J2S48_RS09615,732.3768004,1.229136682,0.447724849,2.74529476,0.006045657,0.01727401
gene-J2S48_RS19860,238.5765215,-1.052765438,0.384029004,-2.7413696,0.006118364,0.01743908
gene-J2S48_RS26535,208.5581254,-1.134587149,0.414232639,-2.739009534,0.006162459,0.017536225
gene-J2S48_RS11540,86.08848834,-1.29026261,0.471064759,-2.739034465,0.006161991,0.017536225
gene-J2S48_RS04540,604.2336498,1.236185342,0.4519982,2.734934216,0.006239274,0.017740404
gene-J2S48_RS13130,91.93211368,-1.272865952,0.465784423,-2.732736198,0.006281062,0.017844736
MSTRG.2327.1,37.4919038,2.610687069,0.955659665,2.731816739,0.006298617,0.017880108
gene-J2S48_RS10465,169.575809,-1.246663047,0.45648453,-2.731008316,0.006314088,0.017909514
gene-J2S48_RS01255,77.4694407,1.7777194,0.652346135,2.725116783,0.006427875,0.018217512
gene-J2S48_RS17075,46.96188078,2.471969705,0.910485812,2.715000796,0.006627561,0.018768267
gene-J2S48_RS15425,91.55046999,1.59068137,0.586059949,2.71419566,0.006643691,0.018798749
gene-J2S48_RS05295,377.4027325,-1.210167949,0.44676758,-2.70871926,0.006754347,0.019081029
gene-J2S48_RS08530,132.74558,1.662292686,0.614005163,2.707294315,0.006783409,0.019147689
gene-J2S48_RS07045,216.6835249,1.225804068,0.45330722,2.704135327,0.006848239,0.019315123
gene-J2S48_RS03930,209.5872176,1.794927981,0.664701391,2.700352379,0.006926607,0.019520438
gene-J2S48_RS17740,624.3388623,-1.150618356,0.426235671,-2.699488648,0.006944612,0.019555448
gene-J2S48_RS02065,64.75314494,1.341504714,0.497339299,2.697363184,0.0069891,0.019649131
gene-J2S48_RS16035,709.0707552,1.153639607,0.42789703,2.696068276,0.007016328,0.019709862
gene-J2S48_RS15685,37.1647954,1.648284305,0.611887849,2.693768651,0.007064918,0.019830456
gene-J2S48_RS01170,43.26131611,1.851100391,0.687371556,2.693012788,0.007080955,0.019843669
gene-J2S48_RS13145,123.4693739,-1.121187806,0.416331647,-2.693016049,0.007080886,0.019843669
gene-J2S48_RS00430,62.15733733,1.428683097,0.531264795,2.689210938,0.007162115,0.020026466
gene-J2S48_RS14825,315.8078578,-1.253480287,0.466298943,-2.688147392,0.007184967,0.020070926
gene-J2S48_RS04100,41.96657757,1.93413597,0.720870525,2.683055974,0.007295278,0.020330436
gene-J2S48_RS20830,247.286273,-1.187713419,0.442647395,-2.683204361,0.007292042,0.020330436
gene-J2S48_RS20340,77.02664721,-1.40806498,0.525706739,-2.67842292,0.007396976,0.020564766
rna-J2S48_RS19435,21.15138261,-2.841969759,1.062742435,-2.674184887,0.007491114,0.02079348
gene-J2S48_RS09805,116.3734015,-1.338281885,0.501092995,-2.670725589,0.007568749,0.020959153
rna-J2S48_RS24240,29.62684426,-2.107398568,0.789586723,-2.668989366,0.007607986,0.02103455
gene-J2S48_RS12160,2107.611977,1.016112541,0.381338183,2.664596901,0.007708066,0.021294443
gene-J2S48_RS12680,242.9628441,-1.031729407,0.387617861,-2.661717918,0.0077743,0.021443601
MSTRG.3472.1,482.7186718,-1.200078509,0.451514987,-2.657892969,0.007863086,0.021647539
gene-J2S48_RS08465,141.6089229,-1.211115598,0.45595263,-2.656231192,0.007901942,0.021727239
gene-J2S48_RS01740,135.1741521,1.239194016,0.467148116,2.652679039,0.007985576,0.021922786
gene-J2S48_RS06095,180.9431732,-1.146812284,0.433171948,-2.647475879,0.008109514,0.022228192
gene-J2S48_RS08990,1196.670149,-1.261852366,0.4769361,-2.645747231,0.00815107,0.022324627
gene-J2S48_RS07285,26.19407612,2.000707568,0.756592145,2.644367353,0.008184378,0.022383938
gene-J2S48_RS10420,10894.52561,-1.081174266,0.408907381,-2.64405662,0.008191895,0.022383938
gene-J2S48_RS19120,241.2936011,-1.045898864,0.397273452,-2.632692569,0.008471099,0.023128806
gene-J2S48_RS04755,225.9864399,-1.051242693,0.399443354,-2.631769143,0.008494156,0.023173698
MSTRG.3109.1,411.1676676,-1.000235387,0.381237881,-2.623651629,0.008699271,0.02367797
gene-J2S48_RS22705,69.69046624,1.440059856,0.549209167,2.62206085,0.008739982,0.023770309
MSTRG.2496.1,40.70424891,1.854737971,0.707611524,2.621124597,0.008764022,0.0238172
MSTRG.176.1,23.94808181,-1.933206994,0.738025214,-2.61943218,0.008807628,0.023917149
gene-J2S48_RS02685,104.0872873,-1.197664417,0.457747602,-2.616429691,0.008885466,0.024091167
gene-J2S48_RS08670,57.73195479,-1.402113854,0.535844585,-2.616642759,0.008879922,0.024091167
gene-J2S48_RS04145,84.18677503,-1.354683913,0.520336278,-2.603477732,0.009228326,0.025001413
gene-J2S48_RS04205,74.47001401,1.35413039,0.520787715,2.60015809,0.009318082,0.025225071
gene-J2S48_RS20195,128.5553436,-1.151125244,0.443327398,-2.596557869,0.009416304,0.025471285
MSTRG.1748.1,43.5074354,-2.25241238,0.868997193,-2.591967382,0.009542882,0.025773875
gene-J2S48_RS22785,343.437841,1.166808232,0.451654452,2.583409125,0.009782924,0.02638151
gene-J2S48_RS16060,50.1494591,1.670145773,0.647219344,2.580494215,0.009865901,0.026564374
MSTRG.3118.1,398.6706768,1.021602789,0.396216333,2.578396458,0.009926004,0.026705678
gene-J2S48_RS00545,44.83604667,1.842518629,0.714672608,2.578129633,0.009933672,0.026705798
gene-J2S48_RS21385,25.0905517,-2.372517756,0.921056148,-2.575866585,0.009998922,0.026860601
gene-J2S48_RS11990,74.06498983,1.752136075,0.681837044,2.569728484,0.010177825,0.02727844
MSTRG.164.1,96.74012552,1.306800134,0.508970107,2.567538087,0.010242354,0.027430401
MSTRG.125.1,30.34090611,-2.186937383,0.852715772,-2.564673312,0.010327299,0.02761567
MSTRG.3124.1,263.3881167,1.270405401,0.49610551,2.560756481,0.010444454,0.027907644
gene-J2S48_RS00900,331.8427782,1.024548178,0.400533397,2.557959428,0.010528838,0.028111675
gene-J2S48_RS20000,4.917208502,3.153800584,1.233698913,2.556377857,0.01057682,0.028218278
MSTRG.54.1,15.8454277,-2.478483257,0.970212838,-2.554576852,0.010631696,0.028343097
gene-J2S48_RS13950,7.230272934,3.140271607,1.22955392,2.553992596,0.010649552,0.028369111
gene-J2S48_RS10365,1723.024901,1.276764278,0.500309837,2.551947182,0.010712276,0.028492864
gene-J2S48_RS16270,147.3057492,1.089325562,0.427285632,2.549408357,0.010790587,0.028679382
gene-J2S48_RS14540,138.6245731,1.136256795,0.445888523,2.54829792,0.010824998,0.028749029
gene-J2S48_RS03970,227.618144,1.099207616,0.431973226,2.54461978,0.010939678,0.028965755
gene-J2S48_RS14555,234.914565,1.127827439,0.443385838,2.543670419,0.010969453,0.029022655
gene-J2S48_RS11190,188.496519,-1.029124356,0.404996257,-2.541071279,0.011051339,0.029217237
MSTRG.3432.1,8.946042554,-3.195813978,1.259038136,-2.538297997,0.011139309,0.029427601
gene-J2S48_RS15015,138.4351942,1.209123967,0.476615185,2.536897704,0.011183963,0.029523302
gene-J2S48_RS14535,132.1559592,1.167668117,0.460650571,2.534823986,0.011250384,0.029653946
gene-J2S48_RS00110,52.92829218,-1.582294342,0.625261728,-2.530611215,0.011386398,0.029989889
gene-J2S48_RS18800,88.06374417,1.20592713,0.476842118,2.528986188,0.011439253,0.030098345
rna-J2S48_RS09300,361.3268187,-1.469558013,0.581294799,-2.528077001,0.01146892,0.030116661
gene-J2S48_RS11915,34.39392859,-1.775352921,0.70346165,-2.523738034,0.011611442,0.030445271
MSTRG.184.1,344.3630908,-1.424211757,0.56438958,-2.523455089,0.01162079,0.030446992
gene-J2S48_RS19325,37.65528961,-1.929305868,0.765533538,-2.520210772,0.011728458,0.030683188
gene-J2S48_RS19695,47.61732969,1.657928565,0.658390313,2.518154552,0.011797154,0.030839874
gene-J2S48_RS12970,1619.739949,1.083417166,0.43037475,2.517380877,0.011823094,0.030884638
gene-J2S48_RS07140,103.6284848,1.060570713,0.421903125,2.513777811,0.011944566,0.031155484
gene-J2S48_RS09590,143.9584289,1.047479397,0.416684984,2.513840041,0.011942459,0.031155484
gene-J2S48_RS24605,67.47312628,1.334698838,0.532248345,2.50766179,0.012153293,0.031608657
MSTRG.2706.1,153.9056289,-1.144636352,0.456915531,-2.505137765,0.012240371,0.031808619
gene-J2S48_RS22860,218.4030179,1.231616277,0.492006407,2.503252516,0.012305771,0.031905521
gene-J2S48_RS02515,31.26872027,1.915275815,0.765188032,2.50301329,0.012314092,0.031905521
MSTRG.327.1,42.21761726,-1.537481833,0.616056838,-2.49568179,0.012571532,0.032548468
MSTRG.90.1,7.103045877,-2.921508787,1.171818299,-2.493141462,0.012661839,0.032758066
gene-J2S48_RS08870,38.11235052,1.527838252,0.615862745,2.480809668,0.013108435,0.033793186
gene-J2S48_RS13580,69.08131085,1.365519362,0.551768814,2.474803444,0.013330952,0.034286582
gene-J2S48_RS18385,223.9673043,1.357620923,0.549806591,2.469270002,0.013538902,0.034719454
gene-J2S48_RS01810,15.60043726,-2.533391528,1.026548287,-2.467873709,0.013591826,0.034829676
gene-J2S48_RS16615,49.54789005,1.794776127,0.728371124,2.464095663,0.013735945,0.035173256
rna-J2S48_RS07310,17.58239857,-2.428058962,0.986470206,-2.461360666,0.013841115,0.035416673
gene-J2S48_RS10405,648.1981963,1.186997856,0.482641867,2.459376064,0.013917874,0.035535214
gene-J2S48_RS20985,338.2351397,-3.078936001,1.253429653,-2.456409095,0.01403333,0.035803901
gene-J2S48_RS24050,30.34372595,1.707204216,0.695402573,2.454986912,0.014088972,0.0359197
gene-J2S48_RS05675,315.5601548,-1.104819943,0.450160228,-2.454281552,0.014116641,0.035964067
MSTRG.163.1,32.30871988,1.684707356,0.687677311,2.449851594,0.01429151,0.036295373
gene-J2S48_RS19100,248.3679696,1.120486309,0.457401886,2.44967575,0.014298491,0.036295373
gene-J2S48_RS05300,883.7112587,-1.178728568,0.481802573,-2.446497038,0.014425198,0.036590492
gene-J2S48_RS13340,38.86428539,-1.968688903,0.805817706,-2.443094621,0.014561919,0.036910566
gene-J2S48_RS21645,91.88704089,1.121241935,0.459208455,2.441683995,0.014618937,0.037028297
gene-J2S48_RS05615,150.1517805,1.288874892,0.528185609,2.440193126,0.014679412,0.037127483
MSTRG.3132.1,148.8397257,1.109051516,0.454541359,2.439935321,0.014689892,0.037127483
gene-J2S48_RS02335,42.04157797,-2.204937828,0.90458055,-2.437525135,0.014788186,0.037348966
gene-J2S48_RS16180,158.6936081,1.083114886,0.444501843,2.436693799,0.014822225,0.037407963
gene-J2S48_RS05240,332.3354184,-1.135716863,0.466154522,-2.436352773,0.014836208,0.037416296
MSTRG.2401.1,65.93004506,-1.65466396,0.680931931,-2.429999072,0.015098861,0.037942117
gene-J2S48_RS18900,9.5175109,2.689887507,1.108038053,2.427612932,0.015198554,0.038165258
gene-J2S48_RS18275,130.695422,1.027499049,0.42391786,2.423816371,0.015358369,0.038483811
gene-J2S48_RS12140,86.04861508,-1.631064385,0.674024439,-2.419889087,0.015525242,0.03887414
MSTRG.2981.1,690.2928621,1.073855637,0.443837932,2.419476929,0.015542847,0.038890423
gene-J2S48_RS00410,25.45476768,2.176012955,0.901169182,2.414655314,0.015750106,0.039324749
gene-J2S48_RS15445,2687.538617,1.000917695,0.414699764,2.413596011,0.015795966,0.039411159
gene-J2S48_RS22575,51.22929911,-1.578580908,0.654304085,-2.412610502,0.015838735,0.039442394
gene-J2S48_RS20405,96.36993184,1.135651706,0.470718814,2.412590428,0.015839608,0.039442394
gene-J2S48_RS18115,61.82746961,1.513545169,0.629160973,2.405656477,0.016143437,0.040135173
gene-J2S48_RS14675,69.02828087,1.251119308,0.521080709,2.401008684,0.016349948,0.040533524
gene-J2S48_RS05405,32.97548813,-1.791395228,0.747127428,-2.397710431,0.016497902,0.040871393
gene-J2S48_RS09820,85.35622261,-1.621412837,0.678766412,-2.388764097,0.016905153,0.041821152
gene-J2S48_RS19480,69.0438426,-1.562238558,0.654698118,-2.386196807,0.017023638,0.042084548
gene-J2S48_RS25665,151.1109612,-1.09794454,0.460256935,-2.385503522,0.017055759,0.04213422
gene-J2S48_RS07415,397.8755386,-1.100744908,0.46271665,-2.378874646,0.01736558,0.042839174
gene-J2S48_RS00215,208.548262,1.022497033,0.430757865,2.373716454,0.017610068,0.043381201
gene-J2S48_RS17875,17.32954536,2.546548178,1.074548962,2.369876355,0.017794035,0.043803587
MSTRG.3131.1,4.569183441,-2.955243879,1.247763062,-2.368433534,0.01786359,0.043943929
gene-J2S48_RS23320,538.8464194,-1.187825818,0.50187798,-2.366762172,0.01794446,0.04411189
gene-J2S48_RS02505,15.07333833,2.608313241,1.102381495,2.366071323,0.017977981,0.0441633
MSTRG.244.1,66.64829038,-1.210815848,0.512489729,-2.362614855,0.018146517,0.044546076
gene-J2S48_RS00850,4854.592071,-1.217393239,0.515492109,-2.361613724,0.01819559,0.044635261
gene-J2S48_RS18410,12.28048548,2.286297149,0.968884502,2.359721045,0.018288682,0.044800875
gene-J2S48_RS11730,11.50986463,-2.463061478,1.04391919,-2.35943692,0.018302692,0.044803865
gene-J2S48_RS07875,132.2419218,1.025783794,0.4348581,2.358893153,0.018329532,0.044838235
MSTRG.67.1,130.2868252,-1.207492984,0.513443754,-2.351753187,0.018685169,0.045662859
gene-J2S48_RS08925,26.68159126,1.984603864,0.844480803,2.350087601,0.018768993,0.045817271
gene-J2S48_RS17470,276.0143655,1.275166266,0.544670167,2.34117149,0.019223335,0.046893693
gene-J2S48_RS20955,648.951005,1.19217535,0.509644099,2.339231149,0.019323474,0.047072412
gene-J2S48_RS01505,51.87325209,1.451582862,0.621192957,2.336766452,0.019451331,0.047350947
gene-J2S48_RS26300,123.120793,1.430102964,0.613171812,2.332303827,0.019684713,0.047885799
gene-J2S48_RS05425,394.3767232,1.035539823,0.444784489,2.32818331,0.019902372,0.048294622
gene-J2S48_RS02070,51.79440492,1.288436166,0.553683606,2.327026035,0.01996388,0.048396865
gene-J2S48_RS06535,43.70557185,1.665661177,0.719147031,2.31616221,0.020549414,0.049609274